Time[ms];Latitude;Longitude;Speed[m/s];Distance;Altitude[m];Flag;Acceleration[m/s^2];AccWork[J];AeroWork[J];GradeWork[J];RollWork[J];StandStillWork[J];TotalWork[J];StandStillTime[s];Fuel[l];CO2[kg];AccECE[%];AeroECE[%];STSECE[%];WorkECE[%]
1663159701000;53,5599268;9,9807758;1,47;;59,1;0;;;;;;;;;;;;;;
1663159702000;53,559962;9,9807551;2,34;2,34;59,3;0;0,8699999999999999;2162;6;2560,4099999999453;449;0;5177,409999999945;0;0,000579907034050173;0,0015448723387096609;300;6,000642557901157;0;8,877412296239372
1663159703000;53,5599927;9,980724;4,49;4,49;59,3;0;2,1500000000000004;9581;43;0;862;0;10486;0;0,0011745071684587812;0,003128887096774193;300;16,579794236748924;0;42,498574367260225
1663159704000;53,5600331;9,9806696;5,25;5,25;59,3;0;0,7599999999999998;4830;69;0;1008;0;5907;0;0,0006616263440860214;0,001762572580645161;300;22,501520362742028;0;58,700135629573246
1663159705000;53,5600982;9,9805975;8,91;8,91;59,3;0;3,66;33816;339;0;1710;0;35865;0;0,004017137096774193;0,010701653225806452;300;49,8805283439976;0;157,2473704565742
1663159706000;53,5601791;9,9804883;10,4;10,4;59,3;0;1,4900000000000002;18773;539;0;1997;0;21309;0;0,002386760752688172;0,006358330645161291;300;58,222944284298315;0;193,55682556304782
1663159707000;53,560287;9,9803257;11,97;11,97;59,3;0;1,5700000000000003;22916;822;0;2298;0;26036;0;0,0029162186379928312;0,007768806451612903;300;65,00421747456227;0;229,44475814664847
1663159708000;53,5603658;9,9802074;12,68;12,68;59,3;0;0,7099999999999991;11419;977;0;2434;0;14830;0;0,0016610663082437275;0,00442508064516129;300;68,5985690093005;0;233,85346807439868
1663159709000;53,5604463;9,980075;12,09;12,09;59,3;0;-0,5899999999999999;-9536;847;0;2321;0;0;0;0;0;300;68,46004899454076;0;212,28882851659264
1663159710000;53,5605312;9,9799372;12,41;12,41;59,3;0;0,3200000000000003;5115;916;0;2383;0;8414;0;0,0009424283154121863;0,0025106290322580646;300;68,48070513486527;0;207,83411489802762
1663159711000;53,5606148;9,9797932;12,11;12,11;59,3;0;-0,3000000000000007;-4800;851;0;2325;0;0;0;0;0;300;67,91080712578447;0;191,88631821213372
1663159712000;53,5606895;9,9796494;11,69;11,69;59,3;0;-0,41999999999999993;-6523;766;0;2244;0;0;0;0;0;300;67,02760391996517;0;178,91674021027265
1663159713000;53,5607708;9,9795162;11,29;11,29;59,3;0;-0,40000000000000036;-5998;690;0;2168;0;0;0;0;0;300;66,05394796330167;0;168,17512755597008
1663159714000;53,5608392;9,9793861;10,66;10,66;59,3;0;-0,629999999999999;-9024;580;0;2047;0;0;0;0;0;300;64,99314860771183;0;159,44204193005663
1663159715000;53,5608929;9,9792528;10,07;10,07;59,3;0;-0,5899999999999999;-7981;489;0;1933;0;0;0;0;0;300;63,96144246962333;0;152,2337106912541
1663159716000;53,5609477;9,9791336;9,83;9,83;59,3;0;-0,2400000000000002;-3117;455;0;1887;0;0;0;0;0;286,75147902969525;63,03942564602043;0;145,8942816670151
1663159717000;53,5610032;9,9790193;9,28;9,28;59,3;0;-0,5500000000000007;-6859;383;0;1782;0;0;0;0;0;269,9098005122667;62,1918345267061;0;140,57295856499778
1663159718000;53,5610553;9,9789135;8,81;8,81;59,3;0;-0,46999999999999886;-5548;327;0;1691;0;0;0;0;0;255,91229464801683;61,43514781154461;0;136,01995446451895
1663159719000;53,56111;9,9788137;8,46;8,46;59,3;0;-0,34999999999999964;-3945;290;0;1624;0;0;0;0;0;243,95013242326337;60,76334561092012;0;132,02353698132882
1663159720000;53,5611641;9,9787134;7,97;7,97;59,3;0;-0,4900000000000011;-5254;242;0;1530;0;0;0;0;0;233,89392336676957;60,19012619652682;0;128,60964985806487
1663159721000;53,5612155;9,9786245;7,45;7,45;59,3;0;-0,5199999999999996;-5233;198;0;1430;0;0;0;0;0;225,45115224553788;59,72731704508164;0;125,71730264574796
1663159722000;53,5612611;9,9785342;7,88;7,88;59,3;0;0,4299999999999997;4301;234;0;1513;0;6048;0;0,0006774193548387096;0,0018046451612903224;225,53787855420012;59,21200860369361;0;128,55992033059408
1663159723000;53,5613035;9,9784363;8,46;8,46;59,3;0;0,580000000000001;6183;290;0;1624;0;8097;0;0,0009069220430107526;0,0024160403225806453;228,3699553690439;58,682004168626264;0;132,79855898035927
1663159724000;53,5613537;9,9783276;8,57;8,57;59,3;0;0,10999999999999943;1222;301;0;1645;0;3168;0;0,0003548387096774193;0,0009452903225806451;221,68211428142942;58,185929843760064;0;132,1714483950916
1663159725000;53,5614027;9,978224;8,34;8,34;59,3;0;-0,23000000000000043;-2538;278;0;1601;0;0;0;0;0;213,6239536801508;57,7267465843792;0;128,8626718717042
1663159726000;53,5614483;9,9781244;8,25;8,25;59,3;0;-0,08999999999999986;-975;269;0;1584;0;878;0;0,00009834229390681002;0,0002619838709677419;206,2362017070309;57,29740691404322;0;126,53852874351159
1663159727000;53,561506;9,9780122;8,18;8,18;59,4;0;-0,07000000000000028;-751;262;1280,2050000000183;1570;0;2361,205000000018;0;0,0002644718862007189;0,0007045531048387151;199,4180661239833;56,8940945637557;0;124,53354677529782
1663159728000;53,5615458;9,9779286;8,01;8,01;59,4;0;-0,16999999999999993;-1796;246;0;1538;0;0;0;0;0;193,2112168892598;56,51826384055819;0;121,80033433012784
1663159729000;53,5615877;9,9778419;7,65;7,65;59,4;0;-0,35999999999999943;-3679;214;0;1469;0;0;0;0;0;187,72915889797758;56,18119632025501;0;119,36958219161824
1663159730000;53,5616315;9,9777563;7,27;7,27;59,4;0;-0,3800000000000008;-3700;184;0;1396;0;0;0;0;0;182,89799797321973;55,88989884882217;0;117,21973564211659
1663159731000;53,5616699;9,9776755;6,42;6,42;59,4;0;-0,8499999999999996;-7593;126;0;1232;0;0;0;0;0;179,05391315383312;55,72296719682329;0;115,55212522209007
1663159732000;53,5617045;9,9776055;5,8;5,8;59,4;0;-0,6200000000000001;-4944;93;0;1113;0;0;0;0;0;175,88372672450228;55,66979880195619;0;114,20986208887032
1663159733000;53,561737;9,9775429;5,3;5,3;59,4;0;-0,5;-3622;71;0;1017;0;0;0;0;0;173,21927687389098;55,71710345392534;0;113,10967117514934
1663159734000;53,5617687;9,9774805;5,33;5,33;59,4;0;0,03000000000000025;208;72;0;1023;0;1303;0;0,0001459453405017921;0,00038879838709677416;170,88987838545737;55,7378123535468;0;113,00964366945819
1663159735000;53,5618034;9,9774126;5,86;5,86;59,4;0;0,5300000000000002;3869;96;0;1125;0;5090;0;0,0005701164874551972;0,0015187903225806453;173,31318296341126;55,62811455891281;0;115,55766821364864
1663159736000;53,5618387;9,9773387;6,08;6,08;59,4;0;0,21999999999999975;1713;107;0;1167;0;2987;0;0,0003345654121863799;0,0008912822580645161;172,52451969377708;55,47045591704048;0;116,34932750354056
1663159737000;53,5618759;9,9772634;6,18;6,18;59,4;0;0,09999999999999964;799;113;0;1186;0;2098;0;0,00023499103942652329;0,000626016129032258;170,45519151631635;55,29221558368354;0;116,40490111343705
1663159738000;53,5619103;9,9771902;6,05;6,05;59,4;0;-0,1299999999999999;-1038;106;0;1161;0;229;0;0,00002564964157706093;0,00006833064516129032;167,49169748252132;55,13175883508074;0;115,13183639576002
1663159739000;53,5619381;9,9771212;5,63;5,63;59,4;0;-0,41999999999999993;-3201;85;0;1081;0;0;0;0;0;164,91184893994497;55,039395894870665;0;113,88942874234162
1663159740000;53,5619676;9,9770587;5,15;5,15;59,4;0;-0,47999999999999954;-3377;65;0;988;0;0;0;0;0;162,72215909287345;55,033682713809284;0;112,85536828774755
1663159741000;53,5619954;9,9770049;4,61;4,61;59,4;0;-0,54;-3439;46;0;885;0;0;0;0;0;160,93008830584296;55,13719636785366;0;112,04088381528435
1663159742000;53,5620206;9,9769535;4,41;4,41;59,4;0;-0,20000000000000018;-1178;41;0;846;0;0;0;0;0;159,29225754678177;55,27384756622193;0;111,30247020208914
1663159743000;53,5620464;9,9769015;4,4;4,4;59,4;0;-0,009999999999999787;-58;40;0;844;0;826;0;0,0000925179211469534;0,00024646774193548386;157,68249051414514;55,397421780120006;0;111,14722595573345
1663159744000;53,5620727;9,976851;4,31;4,31;59,4;0;-0,09000000000000075;-512;38;0;827;0;353;0;0,00003953853046594982;0,00010533064516129033;156,1487764248389;55,52824840920179;0;110,68356601035525
1663159745000;53,5620941;9,9768011;4,03;4,03;59,4;0;-0,27999999999999936;-1524;31;0;773;0;0;0;0;0;154,79904259949944;55,714532587834285;0;110,06960447692555
1663159746000;53,5621155;9,9767552;3,81;3,81;59,4;0;-0,2200000000000002;-1126;26;0;731;0;0;0;0;0;153,58835508212763;55,942690686685836;0;109,52867494524811
1663159747000;53,5621379;9,9767002;3,6;3,6;59,6;0;-0,20999999999999996;-1016;22;2560,4100000000367;691;0;2257,4100000000367;0;0,0002528461021505417;0,0006735820161290431;152,50395910941182;56,21153038110448;0;109,05354458560723
1663159748000;53,5621577;9,9766558;4,14;4,14;59,6;0;0,5399999999999996;2727;34;0;795;0;3556;0;0,00039829749103942644;0,0010610645161290321;154,3728087666052;56,326090436505915;0;110,83068476528666
1663159749000;53,5621807;9,9766033;4,36;4,36;59,6;0;0,22000000000000064;1220;39;0;837;0;2096;0;0,0002347670250896057;0,0006254193548387096;154,29965295577546;56,376969323382156;0;111,50140133361897
1663159750000;53,5622053;9,976544;4,2;4,2;59,6;0;-0,16000000000000014;-894;35;0;806;0;0;0;0;0;152,88370328244298;56,454611144532954;0;110,78786359709147
1663159751000;53,5622263;9,9764901;4,09;4,09;59,6;0;-0,11000000000000032;-596;32;0;785;0;221;0;0,00002475358422939068;0,00006594354838709678;151,54549711098406;56,5475810304373;0;110,2618092699653
1663159752000;53,5622494;9,9764283;3,7;3,7;59,6;0;-0,3899999999999997;-1983;24;0;710;0;0;0;0;0;150,42726583928444;56,72501284638219;0;109,71597932311867
1663159753000;53,5622617;9,9763968;2,41;2,41;59,6;0;-1,29;-5143;6;0;462;0;0;0;0;0;149,98048151924485;57,24872779998152;0;109,58461858630324
1663159754000;53,5622679;9,9763822;1,24;1,24;59,6;0;-1,1700000000000002;-2787;0;0;238;0;0;0;0;0;150,12133835887985;58,13204893353736;0;109,81868855048702
1663159755000;53,5622692;9,9763786;1,18;1,18;59,6;0;-0,06000000000000005;-95;0;0;226;0;131;0;0,000014672939068100356;0,00003908870967741935;150,27343353904072;59,028869105991674;0;110,13839091402578
1663159756000;53,5622674;9,976385;0;0;59,6;4;-1,18;-909;0;0;0;372;372;1;0,000041666666666666665;0,000111;151,00864539433428;60,33227519248532;4,3309717846716005;110,98170883271432
1663159783000;53,5622737;9,9764472;0;0;59,6;4;0;0;0;0;0;10044;10044;27;0,001125;0,002997;160,59741786265218;82,5869233398677;72,04554699720097;123,47124077796501
1663159784000;53,5622768;9,9764368;1,3;1,3;59,6;0;1,3;1102;1;0;249;0;1352;0;0,0001514336917562724;0,0004034193548387097;161,38831566350748;82,30656396622209;71,17752835868048;123,97540776986129
1663159785000;53,5622856;9,9764072;2,93;2,93;59,6;0;1,6300000000000001;4498;12;0;562;0;5072;0;0,0005681003584229391;0,0015134193548387099;165,59425741337932;81,7404409835739;70,33017683060095;126,71381713819112
1663159786000;53,5623002;9,9763552;4,16;4,16;59,6;0;1,23;5690;34;0;798;0;6522;0;0,000730510752688172;0,0019460806451612903;170,61793121479988;81,05582737645219;69,50276298553506;130,13523035748733
1663159787000;53,5623204;9,9762762;4,64;4,64;59,6;0;0,47999999999999954;2756;47;0;891;0;3694;0;0,00041375448028673834;0,001102241935483871;171,83572221430677;80,36525582348094;68,69459132291256;131,431619448454
1663159788000;53,5623331;9,9762143;4,59;4,59;59,6;0;-0,04999999999999982;-302;46;0;881;0;625;0;0,00007000448028673835;0,00018649193548387098;169,81686799867333;79,69232309162757;67,90499831920091;130,62057857559665
1663159789000;53,5623414;9,9761475;4,37;4,37;59,6;0;-0,21999999999999975;-1287;40;0;839;0;0;0;0;0;167,93837233191167;79,04227919525918;67,13335061102818;129,45182592527559
1663159790000;53,5623422;9,9760864;3,48;3,48;59,6;0;-0,8900000000000001;-4559;20;0;668;0;0;0;0;0;166,4719192776496;78,46796400950674;66,37904330079189;128,5054753243118
1663159791000;53,5623322;9,9760334;4,1;4,1;59,6;0;0,6199999999999997;3066;33;0;787;0;3886;0;0,00043525985663082434;0,0011595322580645162;168,2636044873822;77,85651186254424;65,64149837522754;130,02290540990938
1663159792000;53,5623055;9,9759682;4,38;4,38;59,6;0;0,28000000000000025;1549;40;0;841;0;2430;0;0,00027217741935483863;0,0007250806451612902;168,19558346331064;77,24491354362696;64,92016322824703;130,49045856844526
1663159793000;53,5622747;9,9759296;4,78;4,78;59,6;0;0,40000000000000036;2390;52;0;917;0;3359;0;0,0003762320788530466;0,0010022822580645161;168,90123269639363;76,63891794279213;64,2145092801139;131,4676484516167
1663159794000;53,5622242;9,9758969;5,14;5,14;59,6;0;0,35999999999999943;2330;65;0;987;0;3382;0;0,00037880824372759855;0,0010091451612903226;169,37776237157857;76,05103494071655;63,52403068570408;132,36015127975216
1663159795000;53,5621647;9,9758776;6,21;6,21;59,6;0;1,0700000000000003;7924;114;0;1192;0;9230;0;0,001033826164874552;0,0027541129032258066;175,46585456144652;75,55514612884252;62,84824312521786;136,7401925903761
1663159796000;53,5621037;9,9758626;6,36;6,36;59,6;0;0,15000000000000036;1230;123;0;1221;0;2574;0;0,00028830645161290316;0,000768048387096774;174,17900106281223;75,0927403964738;62,1866826712682;136,77401321462705
1663159797000;53,5620223;9,9758429;7,25;7,25;57,4;4;0,8899999999999997;7903;182;0;1392;0;9477;0;0,001061491935483871;0,0028278145161290324;179,5727355641221;74,80240600116818;61,538904726775826;140,91726001639714
1663159798000;53,5619553;9,9758271;7,33;7,33;57,4;0;0,08000000000000007;761;188;0;1407;0;2356;0;0,00026388888888888886;0,000703;177,39333747650636;74,53960406553945;60,90448302856165;140,54685736883877
1663159799000;53,5618867;9,9758173;7,22;7,22;57,4;0;-0,11000000000000032;-1045;180;0;1386;0;521;0;0,00005835573476702508;0,00015545967741935484;174,55535853438275;74,26103120524077;60,28300871194367;139,09375551447795
1663159800000;53,5618193;9,9758194;7,17;7,17;57,4;0;-0,04999999999999982;-470;176;0;1376;0;1082;0;0,00012119175627240142;0,0003228548387096774;171,82549197672023;73,98073934409878;59,67408943202505;138,02563271967585
1663159801000;53,5617483;9,9758148;7,76;7,76;57,4;0;0,5899999999999999;5747;224;0;1490;0;7461;0;0,0008356854838709677;0,002226266129032258;174,60968665312916;73,84776903801622;59,0773485377048;140,64121201800862
1663159802000;53,5616702;9,9758038;8,42;8,42;57,4;0;0,6600000000000001;6967;286;0;1616;0;8869;0;0,0009933915770609317;0,0026463951612903224;178,23316948061625;73,91600752765721;58,492424294757214;143,86864349187482
1663159803000;53,5615788;9,9757734;9,84;9,84;57,4;0;1,42;16918;456;0;1889;0;19263;0;0,002157594086021505;0,00574783064516129;190,60095492071284;74,56986768229224;57,91896915461254;152,6755259544668
1663159804000;53,5614857;9,9757326;10,04;10,04;57,4;0;0,1999999999999993;2594;485;0;1927;0;5006;0;0,0005607078853046595;0,001493725806451613;189,13314709317558;75,29865972560276;57,35664906573281;153,08166336003447
1663159805000;53,5613933;9,9756997;9,98;9,98;57,4;0;-0,05999999999999872;-784;476;0;1916;0;1608;0;0,00018010752688172042;0,00047980645161290326;185,39179645990788;75,96830922238472;56,80514282471615;151,5944931794595
1663159806000;53,5613055;9,9756681;9,76;9,76;57,4;0;-0,22000000000000064;-2834;445;0;1874;0;0;0;0;0;181,87336463722968;76,50773716788771;56,26414146448076;149,31661093333685
1663159807000;53,5612194;9,975635;9,47;9,47;57,4;0;-0,28999999999999915;-3639;407;0;1818;0;0;0;0;0;178,5848230648568;76,90141562931407;55,733347677080005;147,16670318794
1663159808000;53,5611346;9,9756146;9,17;9,17;57,4;0;-0,3000000000000007;-3649;369;0;1760;0;0;0;0;0;175,511841083838;77,16383847654008;55,21247526888299;145,1390259344028
1663159809000;53,5610565;9,9755917;8,84;8,84;57,4;0;-0,33000000000000007;-3879;331;0;1697;0;0;0;0;0;172,64792843929507;77,30212857258574;54,70124864602296;143,23134435574838
1663159810000;53,560982;9,9755671;8,53;8,53;57,4;0;-0,3100000000000005;-3514;297;0;1638;0;0;0;0;0;169,9716784763904;77,33988399170417;54,19940232816953;141,43348129306094
1663159811000;53,560914;9,9755478;7,65;7,65;57,4;0;-0,879999999999999;-9291;214;0;1469;0;0;0;0;0;167,6411292312443;77,15881405329941;53,70668048882254;139,84548190603343
1663159812000;53,560854;9,975529;6,66;6,66;57,4;0;-0,9900000000000002;-9244;141;0;1278;0;0;0;0;0;165,66360585909797;76,82203268865638;53,22283652045476;138,4752216918411
1663159813000;53,5608082;9,9755262;5,05;5,05;57,4;0;-1,6100000000000003;-12302;61;0;969;0;0;0;0;0;164,1949568709854;76,38875115288322;52,747632622950704;137,42482920492913
1663159814000;53,5607675;9,9755249;4,28;4,28;57,4;0;-0,7699999999999996;-4688;37;0;821;0;0;0;0;0;162,970475383308;75,96879149776653;52,28083941389805;136,528637853415
1663159815000;53,560731;9,9755232;4,07;4,07;57,4;0;-0,20999999999999996;-1145;32;0;781;0;0;0;0;0;161,82289526114312;75,56167515757788;51,822235559390165;135,68130005198347
1663159816000;53,5606964;9,9755176;3,5;3,5;57,4;0;-0,5700000000000003;-2816;20;0;672;0;0;0;0;0;160,84888000135535;75,18767099766228;51,371607424091124;134,94483348072
1663159817000;53,5606669;9,9755114;2,54;2,54;57,6;0;-0,96;-3784;7;2560,4100000000367;487;0;0;0;0;0;160,14933347942423;74,89142199871867;50,92874873940069;134,38287303761075
1663159818000;53,5606541;9,9755086;1,44;1,44;57,6;0;-1,1;-2857;1;0;276;0;0;0;0;0;159,7554361999558;74,71281106286838;50,493460288636584;134,01560263208142
1663159819000;53,5606549;9,9755122;1,39;1,39;57,6;0;-0,050000000000000044;-93;1;0;266;0;174;0;0,000019489247311827958;0,00005191935483870968;159,37704943596108;74,54086601530466;50,0655496082244;133,74509742472657
1663159820000;53,5606593;9,9755207;0;0;57,6;4;-1,39;-1261;0;0;0;372;372;1;0,000041666666666666665;0,000111;159,37704943596108;74,54086601530466;51,41786037195195;133,81201024597746
1663159826000;53,5606636;9,9755397;0;0;57,5;4;0;0;0;0;0;2231;2231;6;0,00024988799283154117;0,0006657016129032257;159,37704943596108;74,54086601530466;59,072811106941536;134,21057657196744
1663159827000;53,5606508;9,9755314;1,29;1,29;57,7;0;1,29;1085;1;2560,4100000000367;247;0;3893,4100000000367;0;0,000436089829749108;0,0011617433064516236;159,87271141062266;74,38137407083344;58,60397927275945;134,52328543764864
1663159828000;53,5606247;9,9755201;2,66;2,66;57,7;0;1,37;3531;9;0;510;0;4050;0;0,0004536290322580645;0,001208467741935484;161,88914141420938;74,08139836311696;58,14253061706843;135,91912183945317
1663159829000;53,5605823;9,9755084;4,05;4,05;57,7;0;1,3899999999999997;6085;31;0;777;0;6893;0;0,0007720654121863798;0,002056782258064516;165,47081243092364;73,69940981442022;57,68829209662258;138,43328652103727
1663159830000;53,560518;9,9754992;5,77;5,77;57,7;0;1,7199999999999998;11020;92;0;1108;0;12220;0;0,0013687275985663082;0,0036462903225806453;172,28188917402136;73,34190929674124;57,24109603385807;143,1632547423859
1663159831000;53,5604348;9,9754932;7,64;7,64;57,7;0;1,87;16362;213;0;1467;0;18042;0;0,0020208333333333332;0,0053835;182,43359821772486;73,22415248832768;56,8007799105207;150,23227487559586
1663159832000;53,5603447;9,9754906;8,68;8,68;57,7;0;1,04;11074;313;0;1666;0;13053;0;0,0014620295698924732;0,0038948467741935487;188,08526447807236;73,35559627894722;56,36718617074573;154,61961002200448
1663159833000;53,5602117;9,9754896;9,43;9,43;57,6;0;0,75;8862;402;-1280,2050000000183;1810;0;9793,794999999982;0;0,0010969752464157685;0,0029223420564516074;191,73142792507576;73,71835734542749;55,94016203308857;157,84786135708478
1663159834000;53,5601366;9,9754888;9,43;9,43;57,6;0;0;0;402;0;1810;0;2212;0;0,00024775985663082434;0,0006600322580645161;188,88776808120187;74,07035784866748;55,51955931103528;156,94771623989487
1663159835000;53,5600556;9,9754862;9,55;9,55;57,6;0;0,120000000000001;1486;417;0;1833;0;3736;0;0,00041845878136200713;0,001114774193548387;187,1469008198423;74,4532892001992;55,10523424154994;156,7352362081537
1663159836000;53,559967;9,9754841;9,9;9,9;57,6;0;0,34999999999999964;4441;465;0;1901;0;6807;0;0,0007624327956989247;0,0020311209677419356;187,4229195444395;74,95118492542369;54,69704732124217;157,83352710599615
1663159837000;53,5598725;9,9754831;10,27;10,27;57,6;0;0,3699999999999992;4869;519;0;1972;0;7360;0;0,0008243727598566307;0,0021961290322580645;187,88056073488164;75,57824033256881;54,29486314976244;159,079894573187
1663159838000;53,5597739;9,9754848;10,72;10,72;57,6;0;0,45000000000000107;6163;590;0;2058;0;8811;0;0,0009868951612903225;0,002629088709677419;189,0747845461054;76,37654415584468;53,89855028005614;160,8441443691068
1663159839000;53,5596696;9,9754836;11,2;11,2;57,6;0;0,47999999999999865;6865;673;0;2150;0;9688;0;0,0010851254480286736;0,0028907741935483866;190,56653146940346;77,37185434002602;53,5079810751282;162,84996347217108
1663159840000;53,5595623;9,9754816;11,45;11,45;57,6;0;0,25;3694;719;0;2198;0;6611;0;0,0007404793906810035;0,0019726370967741934;189,8648336284312;78,45806860297652;53,123031570990584;163,45762474469407
1663159841000;53,5594566;9,9754797;11,33;11,33;57,6;0;-0,11999999999999922;-1784;697;0;2175;0;1088;0;0,0001218637992831541;0,00032464516129032255;186,83599991961836;79,45063529043736;52,743581345483506;161,7644913848169
1663159842000;53,5593573;9,9754787;10,99;10,99;57,6;0;-0,33999999999999986;-4952;636;0;2110;0;0;0;0;0;183,98898009332873;80,25689351648299;52,369513392678655;159,72560165595115
1663159843000;53,5592625;9,9754759;10,57;10,57;57,6;0;-0,41999999999999993;-5909;566;0;2029;0;0;0;0;0;181,33143691893926;80,86615802113273;52,000714002589376;157,80940374624203
1663159844000;53,5591744;9,9754791;10,11;10,11;57,6;0;-0,46000000000000085;-6208;495;0;1941;0;0;0;0;0;178,8604019718433;81,29060117710445;51,637072645927915;156,01270864698944
1663159845000;53,5590911;9,9754839;9,63;9,63;57,6;0;-0,47999999999999865;-6183;428;0;1849;0;0;0;0;0;176,56850987041176;81,55121746013262;51,278481863664524;154,3350916672019
1663159846000;53,5590095;9,9754842;9,33;9,33;57,6;0;-0,3000000000000007;-3712;389;0;1791;0;0;0;0;0;174,40334913507155;81,72098602592558;50,92483716115649;152,7401076309473
1663159847000;53,5589301;9,9754866;9,12;9,12;57,6;0;-0,21000000000000085;-2529;363;0;1751;0;0;0;0;0;172,1676452854209;81,36598022901308;50,666039289472934;151,01148017898367
1663159848000;53,5588497;9,9754905;9,12;9,12;57,6;0;0;0;363;0;1751;0;2114;0;0,00023678315412186378;0,0006307903225806451;169,96825028485472;80,96755784695942;50,4198630030187;150,11296249118854
1663159849000;53,5587685;9,9755002;9,08;9,08;57,6;0;-0,03999999999999915;-476;359;0;1743;0;1626;0;0,00018212365591397848;0,00048517741935483866;167,832984270747;80,57398246218021;50,17505101018952;149,05409894184925
1663159850000;53,5586887;9,9755289;9,05;9,05;57,6;0;-0,02999999999999936;-355;355;0;1737;0;1737;0;0,00019455645161290321;0,0005182983870967742;165,7566823809538;80,18631853467559;49,93184997151205;148,06526341577407
1663159851000;53,5586147;9,9755714;8,78;8,78;57,6;0;-0,27000000000000135;-3142;324;0;1686;0;0;0;0;0;163,79658485496563;79,78278994770103;49,684267371740866;146,50178639149954
1663159852000;53,5585084;9,9756814;8,09;8,09;57,4;0;-0,6899999999999995;-7596;253;-2560,4100000000367;1553;0;0;0;0;0;162,04872987939424;79,34854440622959;49,42211201839781;145,10421376521074
1663159853000;53,5584598;9,9757111;8,55;8,55;57,4;0;0,46000000000000085;4994;299;0;1641;0;6934;0;0,0007766577060931898;0,002069016129032258;162,98842318840053;78,94730337353319;49,173932474193634;146,17845106347824
1663159854000;53,5583971;9,9757575;8,62;8,62;57,4;0;0,06999999999999851;784;307;0;1655;0;2746;0;0,0003075716845878136;0,0008193709677419355;161,58792771586053;78,55986621681538;48,92992440282456;145,70115365655582
1663159855000;53,5583332;9,9758121;8,39;8,39;57,4;0;-0,22999999999999865;-2553;283;0;1611;0;0;0;0;0;159,84714223012202;78,16725390076836;48,68282371583587;144,2921551213428
1663159856000;53,5582708;9,9758703;8,12;8,12;57,4;0;-0,27000000000000135;-2909;256;0;1559;0;0;0;0;0;158,2042829024394;77,7713777414322;48,43181338604455;142,95958502640048
1663159857000;53,5582128;9,9759307;7,73;7,73;57,4;0;-0,3899999999999988;-4034;221;0;1484;0;0;0;0;0;156,68162387399067;77,37440089600868;48,17424150648511;141,72212565311776
1663159858000;53,5581588;9,9759912;7,24;7,24;57,4;0;-0,4900000000000002;-4787;182;0;1390;0;0;0;0;0;155,29553039582916;76,98529945035023;47,90804131500244;140,59300182709043
1663159859000;53,558111;9,9760451;6,44;6,44;57,4;0;-0,7999999999999998;-7141;128;0;1236;0;0;0;0;0;154,1071275036427;76,62877080915734;47,62644515751063;139,62413719047092
1663159860000;53,5580697;9,9760896;5,77;5,77;57,4;0;-0,6700000000000008;-5338;92;0;1108;0;0;0;0;0;153,08024508380805;76,32104832739711;47,332985060077895;138,78618656390074
1663159861000;53,5580322;9,9761304;5,34;5,34;57,4;0;-0,4299999999999997;-3118;73;0;1025;0;0;0;0;0;152,1579932239055;76,05433071243316;47,03351672892556;138,03263662361346
1663159862000;53,5579985;9,9761677;4,8;4,8;57,4;0;-0,54;-3573;53;0;921;0;0;0;0;0;151,35987367157986;75,84600197327623;46,725911595092846;137,3808462164342
1663159863000;53,5579735;9,9761972;3,83;3,83;57,4;0;-0,9699999999999998;-5463;26;0;735;0;0;0;0;0;150,77136586146685;75,76169029434185;46,40121560814738;136,9007746032875
1663159864000;53,5579592;9,9762177;2,7;2,7;57,4;0;-1,13;-4815;9;0;518;0;0;0;0;0;150,42031451261434;75,85040549258034;46,05679596040541;136,61524895330814
1663159865000;53,5579539;9,976229;1,36;1,36;57,4;0;-1,34;-3550;1;0;261;0;0;0;0;0;150,34589809097187;76,17409109145376;45,689201977042394;136,5562207166585
1663159866000;53,5579543;9,9762293;1,33;1,33;57,4;0;-0,030000000000000027;-53;1;0;255;0;203;0;0,000022737455197132614;0,00006057258064516129;150,27631339422322;76,50209138336281;45,32680721561033;136,5686422502785
1663159867000;53,5579561;9,9762293;0;0;57,4;4;-1,33;-1155;0;0;0;372;372;1;0,000041666666666666665;0,000111;150,47841519738841;77,083919896395;46,22716995164519;136,86112467714727
1663159885000;53,5579503;9,9762411;0;0;59,4;4;0;0;0;0;0;6696;6696;18;0,0007499999999999999;0,0019979999999999998;151,3353081331438;79,63383647569329;61,91805145495623;138,69410052725692
1663159886000;53,5579405;9,9762529;1,22;1,22;59,4;0;1,22;971;0;0;234;0;1205;0;0,00013496863799283154;0,00035955645161290324;151,62563987622465;79,52757286373186;61,58335928492943;138,86858013780798
1663159887000;53,5579214;9,9762778;2,72;2,72;59,4;0;1,5000000000000002;3856;9;0;522;0;4387;0;0,0004913754480286738;0,001309024193548387;153,13197946962887;79,31130837421553;61,25226595544056;139,929883085143
1663159888000;53,5578879;9,9763133;4,28;4,28;59,4;0;1,56;7125;37;0;821;0;7983;0;0,0008941532258064515;0,002382024193548387;156,0202159811221;79,03039917332485;60,924713731079926;141,99706193485224
1663159889000;53,5578332;9,9763679;5,17;5,17;59,4;0;0,8899999999999997;5487;66;0;992;0;6545;0;0,0007330869175627239;0,0019529435483870965;157,89951805737024;78,74710584729155;60,60064610485077;143,4547707953316
1663159890000;53,5577939;9,97641;5,57;5,57;59,4;0;0,40000000000000036;2803;82;0;1069;0;3954;0;0,00044287634408602143;0,0011798225806451612;158,34171817012992;78,4741967037316;60,28000776567167;143,98724074106468
1663159891000;53,5577446;9,9764608;6,34;6,34;59,4;0;0,7699999999999996;5983;122;0;1217;0;7322;0;0,000820116487455197;0,002184790322580645;160,22912319200955;78,23687011468942;59,962744566904966;145,52815522564825
1663159892000;53,5576957;9,9765163;6,3;6,3;59,4;0;-0,040000000000000036;-330;119;0;1209;0;998;0;0,00011178315412186379;0,0002977903225806451;159,13891726049317;78,00049023733663;59,648803495874056;144,9837133990881
1663159893000;53,5576433;9,9765687;6,71;6,71;59,4;0;0,41000000000000014;3480;144;0;1288;0;4912;0;0,0005501792114695341;0,001465677419354839;159,70253244360387;77,79429615321246;59,338132644333044;145,66912492183107
1663159894000;53,5575815;9,9766071;6,24;6,24;59,5;0;-0,46999999999999975;-3972;116;1280,2050000000183;1198;0;0;0;0;0;158,64110348917134;77,56085819528417;59,03068117985464;144,81489471283527
1663159895000;53,5575342;9,9766022;6,33;6,33;59,5;0;0,08999999999999986;738;121;0;1215;0;2074;0;0,00023230286738351252;0,0006188548387096774;157,93623401109474;77,33550534330907;58,72639931810282;144,62653714124193
1663159896000;53,5574787;9,9765705;6,79;6,79;59,5;0;0,45999999999999996;3937;150;0;1303;0;5390;0;0,0006037186379928316;0,0016083064516129034;158,70359560715858;77,1442807417311;58,42523829595869;145,44550197689443
1663159897000;53,5574253;9,9765135;6,96;6,96;59,5;0;0,16999999999999993;1525;161;0;1336;0;3022;0;0,0003384856630824373;0,000901725806451613;158,27991252986072;76,96967123238258;58,12715034546911;145,4808350182803
1663159898000;53,5573738;9,9764525;7,11;7,11;59,5;0;0,15000000000000036;1377;172;0;1365;0;2914;0;0,00032638888888888887;0,0008694999999999999;157,7676294291983;76,8109187095153;57,832088668588554;145,46370212387214
1663159899000;53,5573191;9,9763914;7,69;7,69;59,5;0;0,5800000000000001;5601;218;0;1476;0;7295;0;0,0008170922939068099;0,0021767338709677416;159,15513417118373;76,71611634591035;57,54000741268659;146,75077292241383
1663159900000;53,5572623;9,976333;7,31;7,31;59,5;0;-0,3800000000000008;-3720;187;0;1403;0;0;0;0;0;157,96924948442515;76,58083259387277;57,250861646793695;145,7942270588021
1663159901000;53,5572134;9,9762781;6,83;6,83;59,5;0;-0,47999999999999954;-4429;152;0;1311;0;0;0;0;0;156,87709350149322;76,40481690722368;56,96460733855972;144,90613302453457
1663159902000;53,5571671;9,976228;6,24;6,24;59,5;0;-0,5899999999999999;-5032;116;0;1198;0;0;0;0;0;155,8924002888859;76,19307644564908;56,96460733855972;144,17579952505508
1663159903000;53,5571257;9,9761812;5,62;5,62;59,5;0;-0,6200000000000001;-4798;85;0;1079;0;0;0;0;0;154,3869670580421;76,1234661661638;56,96460733855972;142,99073562777446
1663159904000;53,5570884;9,9761377;5,09;5,09;59,5;0;-0,5300000000000002;-3704;63;0;977;0;0;0;0;0;149,89867256209848;76,12311003726445;56,96460733855972;139,7014456454629
1663159905000;53,5570531;9,9760923;5,08;5,08;59,5;0;-0,009999999999999787;-67;62;0;975;0;970;0;0,00010864695340501791;0,00028943548387096776;147,70808964041615;76,12113538121692;56,96460733855972;138,20392352928843
1663159906000;53,5570182;9,9760504;4,79;4,79;59,5;0;-0,29000000000000004;-1868;52;0;919;0;0;0;0;0;132,7406845655825;75,77786530823943;56,96460733855972;127,61167795015551
1663159907000;53,5569844;9,9760133;4,5;4,5;59,5;0;-0,29000000000000004;-1758;43;0;864;0;0;0;0;0;124,83244391385185;75,08363718486666;56,96460733855972;121,62464219758793
1663159908000;53,5569514;9,9759745;4,78;4,78;59,5;0;0,28000000000000025;1695;52;0;917;0;2664;0;0,00029838709677419353;0,0007949032258064516;115,84029863080755;73,8395516815302;56,96460733855972;115,0587324216551
1663159909000;53,5569174;9,9759331;4,96;4,96;59,5;0;0,17999999999999972;1143;58;0;952;0;2153;0;0,00024115143369175625;0,0006424274193548387;111,92397065999187;72,26649439186222;56,96460733855972;111,81515776572644
1663159910000;53,5568864;9,9758891;4,72;4,72;59,5;0;-0,2400000000000002;-1516;50;0;906;0;0;0;0;0;112,7782901742162;70,9317166638319;56,96460733855972;112,49675917174618
1663159911000;53,5568524;9,9758419;5,48;5,48;59,5;0;0,7600000000000007;5058;78;0;1052;0;6188;0;0,0006931003584229391;0,0018464193548387098;113,56616546403937;69,4476912144368;56,96460733855972;112,43905500257034
1663159912000;53,5568051;9,9757799;6,64;6,64;59,5;0;1,1599999999999993;9173;140;0;1275;0;10588;0;0,001185931899641577;0,0031593225806451613;118,6243315167586;68,14091161499587;56,96460733855972;116,3263418802313
1663159913000;53,5567448;9,9756999;6,29;6,29;60,9;0;-0,34999999999999964;-2953;119;17922,869999999984;1207;0;16295,869999999984;0;0,0018252542562723995;0,004862477338709673;119,30022510591863;66,96969401665001;56,96460733855972;116,85354566974718
1663159914000;53,556711;9,9756531;5,61;5,61;60,9;0;-0,6799999999999997;-5281;84;0;1077;0;0;0;0;0;120,01952672004256;65,90481214982728;56,96460733855972;117,41310801400748
1663159915000;53,5566809;9,9756092;4,46;4,46;60,9;0;-1,1500000000000004;-7557;42;0;856;0;0;0;0;0;120,81464678678788;65,02682146172478;56,96460733855972;118,03030808955961
1663159916000;53,5566577;9,9755764;3,3;3,3;60,9;0;-1,1600000000000001;-5874;17;0;633;0;0;0;0;0;121,69498686013551;64,33856920228726;56,96460733855972;118,71151658533093
1663159917000;53,5566476;9,9755581;1,73;1,73;60,9;0;-1,5699999999999998;-5153;2;0;332;0;0;0;0;0;122,76528012452177;63,780337790311556;56,96460733855972;119,53707018837139
1663159918000;53,5566444;9,9755549;1,71;1,71;60,9;0;-0,020000000000000018;-45;2;0;328;0;285;0;0,000031922043010752685;0,00008504032258064515;123,78270165081047;63,35609339185714;56,96460733855972;120,41257179442172
1663159919000;53,5566462;9,9755609;0;0;60,9;4;-1,71;-1908;0;0;0;372;372;1;0,000041666666666666665;0,000111;124,98822182142943;63,14473330967301;58,019559991018745;121,45980664451943
1663159991000;53,5566346;9,9755709;0;0;60,9;4;0;0;0;0;0;26784;26784;72;0,0029999999999999996;0,007991999999999999;143,87631193548168;69,60556871477117;104,43747669921537;136,28506903004995
1663159992000;53,5566275;9,9755644;0,83;0,83;60,9;0;0,83;449;0;0;159;0;608;0;0,00006810035842293906;0,00018141935483870968;142,7855310151621;69,83448407779017;104,43747669921537;135,402240215988
1663159993000;53,5566106;9,9755424;2,47;2,47;60,9;0;1,6400000000000001;3531;7;0;474;0;4012;0;0,0004493727598566308;0,0011971290322580646;144,55971063929664;69,92139762026517;104,43747669921537;136,35056597238525
1663159994000;53,5565789;9,9755008;4,44;4,44;60,9;0;1,9700000000000002;8882;41;0;852;0;9775;0;0,0010948700716845877;0,002916733870967742;149,10388025375494;69,9214078396158;104,43747669921537;139,09430621547588
1663159995000;53,556535;9,9754561;5,36;5,36;60,9;0;0,9199999999999999;5882;73;0;1029;0;6984;0;0,000782258064516129;0,0020839354838709675;151,5002555371513;69,9282580098435;104,43747669921537;140,57185409897718
1663159996000;53,5564827;9,9754357;5,57;5,57;60,9;0;0,20999999999999996;1497;82;0;1069;0;2648;0;0,00029659498207885304;0,0007901290322580646;147,21785671780472;69,8856441013817;104,43747669921537;137,9072619741596
1663159997000;53,5564235;9,9754639;5,55;5,55;61,5;0;-0,020000000000000462;-146;81;7681,230000000019;1065;0;8681,230000000018;0;0,0009723599910394285;0,0025903670161290374;146,5487697640127;69,82842095698496;104,43747669921537;137,36920581396922
1663159998000;53,5563887;9,9755231;5,92;5,92;61,5;0;0,3700000000000001;2769;99;0;1136;0;4004;0;0,00044847670250896057;0,001194741935483871;143,2936321455174;69,68138636856128;104,43747669921537;135,26689219737833
1663159999000;53,5563662;9,9756149;6,31;6,31;61,5;0;0,3899999999999997;3112;120;0;1211;0;4443;0;0,0004976478494623656;0,001325733870967742;145,14249742806498;69,55255479421025;104,43747669921537;136,2990264990925
1663160000000;53,5563604;9,9757339;7,39;7,39;61,5;0;1,08;9654;193;0;1419;0;11266;0;0,0012618727598566306;0,003361629032258064;151,78774334572566;69,57977181074313;104,43747669921537;140,7998709039616
1663160001000;53,5563616;9,9758658;8,53;8,53;61,5;0;1,1399999999999997;11842;297;0;1638;0;13777;0;0,0015431227598566306;0,004110879032258064;159,65629398378735;69,85374778341956;104,43747669921537;145,9291961939928
1663160002000;53,5563583;9,9760147;9,82;9,82;61,5;0;1,290000000000001;15445;454;0;1885;0;17784;0;0,0019919354838709674;0,005306516129032258;165,8397978815119;70,42797361033065;104,43747669921537;149,9303852817577
1663160003000;53,5563427;9,9761805;11;11;61,5;0;1,1799999999999997;16030;638;0;2112;0;18780;0;0,002103494623655914;0,005603709677419355;171,4151583666838;71,36100735205278;104,43747669921537;153,6540605655981
1663160004000;53,5563171;9,9763456;11,08;11,08;61,5;0;0,08000000000000007;1152;652;0;2127;0;3931;0;0,00044030017921146947;0,0011729596774193547;160,30241623634188;71,89650799920466;104,43747669921537;147,03686571128424
1663160005000;53,5562831;9,9765132;11,42;11,42;61,5;0;0,33999999999999986;4991;714;0;2192;0;7897;0;0,0008845206093189963;0,002356362903225806;161,6102651619715;72,5290845581754;104,43747669921537;148,02179852077168
1663160006000;53,5562382;9,9766837;11,63;11,63;61,5;0;0,21000000000000085;3158;754;0;2233;0;6145;0;0,0006882840501792113;0,001833588709677419;163,36604228218502;73,29560860073167;104,43747669921537;149,64535486690824
1663160007000;53,5561895;9,9768486;11,94;11,94;61,5;0;0,3099999999999987;4767;816;0;2292;0;7875;0;0,0008820564516129032;0,002349798387096774;166,07662489141893;74,31475674484214;104,43747669921537;152,5616076735369
1663160008000;53,5561393;9,9770183;12,44;12,44;61,5;0;0,5;7953;923;0;2388;0;11264;0;0,0012616487455197132;0,0033610322580645163;170,72801879751694;75,7305848134573;104,43747669921537;156,73580724927032
1663160009000;53,5560807;9,9771824;12,36;12,36;61,5;0;-0,08000000000000007;-1295;905;0;2373;0;1983;0;0,00022211021505376343;0,0005917016129032258;169,92715064275532;77,17561180026354;104,43747669921537;157,01349176733186
1663160010000;53,5560186;9,977338;12,21;12,21;61,5;0;-0,14999999999999858;-2405;873;0;2344;0;812;0;0,00009094982078853046;0,00024229032258064515;169,08921368300045;78,60628154563636;104,43747669921537;156,77658493678285
1663160011000;53,5559542;9,9774887;12,13;12,13;61,5;0;-0,08000000000000007;-1271;855;0;2329;0;1913;0;0,00021426971326164872;0,0005708145161290322;168,20316956536197;80,05132933119454;104,43747669921537;156,95464274088425
1663160012000;53,5558905;9,9776346;12,12;12,12;61,5;0;-0,010000000000001563;-159;853;0;2327;0;3021;0;0,00033837365591397845;0,0009014274193548386;167,1158378016708;81,6459083775048;104,43747669921537;157,43575412436982
1663160013000;53,5558315;9,9777884;11,84;11,84;61,5;0;-0,27999999999999936;-4378;796;0;2273;0;0;0;0;0;165,87325169106782;83,1850975267579;104,43747669921537;156,5687976276443
1663160014000;53,5557778;9,9779418;11,51;11,51;61,5;0;-0,33000000000000007;-5028;731;0;2210;0;0;0;0;0;164,34927113878044;84,59673051147264;104,43747669921537;155,50125549426937
1663160015000;53,5557333;9,9780948;11,11;11,11;61,5;0;-0,40000000000000036;-5904;657;0;2133;0;0;0;0;0;162,7681661005695;85,77865608224467;104,43747669921537;154,38765094796398
1663160016000;53,5556969;9,978248;10,81;10,81;60,9;0;-0,29999999999999893;-4291;605;-7681,230000000019;2075;0;0;0;0;0;161,2374381156418;86,80044958840068;104,43747669921537;153,30449014816605
1663160017000;53,5556582;9,978389;10,25;10,25;60,9;0;-0,5600000000000005;-7696;516;0;1968;0;0;0;0;0;159,73302488540767;87,5569213695509;104,43747669921537;152,23402112188896
1663160018000;53,5556222;9,9785178;9,28;9,28;60,9;0;-0,9700000000000006;-12362;383;0;1782;0;0;0;0;0;158,25859311827128;87,92356810543612;104,43747669921537;151,18076556514194
1663160019000;53,555592;9,9786195;7,5;7,5;60,9;0;-1,7799999999999994;-19490;202;0;1440;0;0;0;0;0;156,95596479829857;87,8233813286591;104,43747669921537;150,24656411345995
1663160020000;53,5555709;9,9786938;5,42;5,42;60,9;0;-2,08;-17536;76;0;1040;0;0;0;0;0;156,10150286125244;87,57700631504085;104,43747669921537;149,56368639151952
1663160021000;53,5555553;9,9787481;4,48;4,48;60,9;0;-0,9399999999999995;-6073;43;0;860;0;0;0;0;0;155,16248341470202;87,18250102020488;103,38252404675636;148,7427942138108
1663160022000;53,5555447;9,9787878;3,1;3,1;60,9;0;-1,3800000000000003;-6826;14;0;595;0;0;0;0;0;154,51930136136838;86,86476596182244;102,32757139429734;148,13467608011143
1663160023000;53,5555346;9,9788291;2,31;2,31;60,9;0;-0,79;-2789;5;0;443;0;0;0;0;0;154,04348342100263;86,61528682485546;101,27545463606535;147,64790346435478
1663160024000;53,5555243;9,9788449;1,61;1,61;60,9;0;-0,7;-1791;2;0;309;0;0;0;0;0;153,7135819773326;86,43587401964609;100,21766608937932;147,26634808397273
1663160025000;53,5555163;9,97886;0,89;0,89;60,9;0;-0,7200000000000001;-1175;0;0;170;0;0;0;0;0;153,53181984308895;86,3346923957541;99,16271343692028;146,99209243709916
1663160026000;53,5555097;9,9788689;0;0;60,9;4;-0,89;-517;0;0;0;372;372;1;0,000041666666666666665;0,000111;153,53181984308895;86,3346923957541;104,43747669921537;147,70394449745442
1663160035000;53,5554881;9,9788998;1,12;10,080000000000002;59,1;0;0,12444444444444445;818;6;-23043,689999999966;1935;0;0;0;0;0;125,20107090270957;86,36280246864575;98,11059667868832;125,38040585907456
1663160036000;53,5554762;9,9789163;1,95;1,95;59,1;0;0,8299999999999998;1662;3;0;374;0;2039;0;0,00022838261648745517;0,0006084112903225806;126,66290858817142;85,95212357828046;98,11059667868832;125,70178587158473
1663160037000;53,5554572;9,978935;2,38;2,38;59,1;0;0,42999999999999994;1214;6;0;457;0;1677;0;0,00018783602150537632;0,0005003951612903225;125,91161814524614;85,37645153447683;98,11059667868832;124,62902447772377
1663160038000;53,5554298;9,9789521;2,49;2,49;59,4;0;0,11000000000000032;349;7;3840,6149999999634;478;0;4674,614999999963;0;0,0005235903897849421;0,0013948447983870857;124,3342553474702;84,64417074513653;98,11059667868832;123,00370362058936
1663160039000;53,5554094;9,978959;2,62;2,62;59,4;0;0,1299999999999999;433;8;0;503;0;944;0;0,00010573476702508959;0,0002816774193548387;121,96732217275124;83,69992043090951;98,11059667868832;120,84063640271101
1663160040000;53,5553791;9,97896;4,3;4,3;59,4;0;1,6799999999999997;7585;38;0;825;0;8448;0;0,0009462365591397849;0,002520774193548387;123,70040698354501;82,405356096116;98,11059667868832;121,23290639025157
1663160041000;53,5553226;9,9789496;5,61;5,61;59,4;0;1,3100000000000005;8470;84;0;1077;0;9631;0;0,0010787410394265233;0,0028737661290322582;128,04188806847563;80,95721440881975;98,11059667868832;123,26824550387985
1663160042000;53,555257;9,9789138;7,16;7,16;59,4;0;1,5499999999999998;12915;176;0;1374;0;14465;0;0,0016201836917562724;0,0043161693548387095;137,72364343615772;79,67465511480567;98,11059667868832;129,44100140146176
1663160043000;53,5551803;9,9788517;7,51;7,51;61;0;0,34999999999999964;3350;203;20483,280000000017;1442;0;25478,280000000017;0;0,0028537500000000017;0,007602390000000005;140,76277074208684;78,5979569727701;98,11059667868832;132,04039790477466
1663160044000;53,5551227;9,9787996;7,9;7,9;61;0;0,39000000000000057;3921;236;0;1517;0;5674;0;0,0006355286738351254;0,001693048387096774;144,05379323931479;77,77338157466086;98,11059667868832;134,8253736492988
1663160045000;53,555058;9,9787435;8,12;8,12;61,3;0;0,21999999999999886;2299;256;3840,6149999999634;1559;0;7954,614999999963;0;0,0008909739023297449;0,0023735544758064406;146,09033996402306;77,17898586950017;98,11059667868832;136,863335864544
1663160046000;53,5549924;9,9786833;8,6;8,6;61,2;0;0,4800000000000004;5236;305;-1280,2049999999272;1651;0;5911,795000000073;0;0,0006621634184587894;0,0017640033467742151;149,97025178667212;76,87116482593196;98,11059667868832;140,06558000247392
1663160047000;53,5549206;9,9786166;8,98;8,98;61,1;0;0,3800000000000008;4358;347;-1280,2050000000183;1724;0;5148,794999999982;0;0,000576701948924729;0,0015363339919354782;153,09070259676395;76,76520143119257;98,11059667868832;142,84325542470455
1663160048000;53,5548457;9,9785416;9,6;9,6;61,1;0;0,6199999999999992;7516;424;0;1843;0;9783;0;0,0010957661290322582;0,002919120967741936;158,2179634911302;76,91963448482744;98,11059667868832;146,90944904759718
1663160049000;53,5547675;9,9784547;10,32;10,32;61,3;0;0,7200000000000006;9358;527;2560,4099999999453;1981;0;14426,409999999945;0;0,0016158613351254416;0,004304654596774177;164,44049224823837;77,34651679166853;98,11059667868832;150,83753895317705
1663160050000;53,5546828;9,9783533;11,43;11,43;61,5;0;1,1099999999999994;15752;716;2560,4100000000367;2194;0;21222,410000000036;0;0,00237706205197133;0,006332493306451623;174,77635903418235;78,30700543534392;98,11059667868832;157,63152302677395
1663160051000;53,5545905;9,9782361;12,53;12,53;61,4;0;1,0999999999999996;17197;943;-1280,2050000000183;2406;0;19265,79499999998;0;0,002157907146057345;0,005748664637096768;185,72000742900786;79,92035430464466;98,11059667868832;164,92945430627967
1663160052000;53,5544965;9,9781151;12,68;12,68;61,3;0;0,15000000000000036;2467;977;-1280,2050000000183;2434;0;4597,794999999982;0;0,0005149859991039406;0,0013719227016128978;186,32702357546393;81,6886027359264;98,11059667868832;166,68336870331376
1663160053000;53,5544049;9,978001;12,42;12,42;61,8;0;-0,2599999999999998;-4259;918;6401,025000000001;2385;0;5445,025000000001;0;0,000609881832437276;0,0016247252016129033;185,12661290431117;83,42289132782552;98,11059667868832;165,89495345707377
1663160054000;53,5543191;9,9778918;11,9;11,9;61,4;0;-0,5199999999999996;-8252;808;-5120,8199999999815;2285;0;0;0;0;0;180,82312831822463;84,72916061875611;98,11059667868832;162,41473599609634
1663160055000;53,5542364;9,9777902;11,47;11,47;61,5;0;-0,4299999999999997;-6558;723;1280,2050000000183;2202;0;0;0;0;0;179,53403506747;85,77633722922411;98,11059667868832;160,7766165324681
1663160056000;53,5541574;9,9776947;11,12;11,12;61,8;0;-0,3500000000000014;-5159;659;3840,6149999999634;2135;0;1475,6149999999634;0;0,00016527945788530056;0,0004403044758064407;178,81434883377372;86,69479401976882;98,11059667868832;160,30192923986704
1663160057000;53,5540811;9,9776015;10,72;10,72;62,1;0;-0,3999999999999986;-5701;590;3840,6150000000544;2058;0;787,6150000000544;0;0,00008821852598566916;0,00023501415322582268;178,13427729366018;87,48165366291049;98,11059667868832;159,85303946905444
1663160058000;53,5540085;9,9775117;10,26;10,26;62,1;0;-0,46000000000000085;-6298;518;0;1970;0;0;0;0;0;177,47746296237744;88,14636828441245;98,11059667868832;159,41776954889664
1663160059000;53,5539387;9,9774284;9,73;9,73;62,1;0;-0,5299999999999994;-6914;441;0;1868;0;0;0;0;0;176,83574527882803;88,68963166605059;98,11059667868832;158,9920160990582
1663160060000;53,5538722;9,9773485;9,34;9,34;62,5;0;-0,39000000000000057;-4853;390;5120,8199999999815;1793;0;2450,8199999999815;0;0,0002745094086021484;0,0007312930645161234;176,09418839746212;89,18562958264089;98,11059667868832;158,49935377181194
1663160061000;53,5538077;9,9772698;8,87;8,87;63,2;0;-0,47000000000000064;-5585;334;8961,435000000038;1703;0;5413,435000000038;0;0,0006063435259856673;0,0016152991532258178;175,30833655260193;89,58552184420587;98,11059667868832;157,975703553292
1663160062000;53,5537488;9,9771982;8,39;8,39;63,2;0;-0,47999999999999865;-5406;283;0;1611;0;0;0;0;0;174,54197504122823;89,88236821900563;98,11059667868832;157,46443098113522
1663160063000;53,5536975;9,9771284;7,46;7,46;62,5;0;-0,9300000000000006;-9619;199;-8961,435000000038;1432;0;0;0;0;0;173,8790564656247;90,01756475214218;98,11059667868832;157,02048803169504
1663160064000;53,5536227;9,9770333;6,21;6,21;61,7;0;-1,25;-11150;114;-10241,639999999963;1192;0;0;0;0;0;173,29017273282423;89,99854732527862;98,11059667868832;156,6257245641787
1663160065000;53,5535994;9,9770042;5,68;5,68;61,7;0;-0,5300000000000002;-4112;87;0;1090;0;0;0;0;0;172,5584310863585;89,8725141419629;98,11059667868832;156,13442571525982
1663160066000;53,5535709;9,9769672;5,16;5,16;61,7;0;-0,5199999999999996;-3679;65;0;990;0;0;0;0;0;171,63425412428816;89,59949817376794;98,11059667868832;155,51170993025332
1663160067000;53,5535425;9,97693;4,69;4,69;61,7;0;-0,46999999999999975;-3021;49;0;900;0;0;0;0;0;170,8252945604659;89,33216160345474;98,11059667868832;154,88464438708053
1663160068000;53,553514;9,9768922;4,54;4,54;61,7;0;-0,15000000000000036;-904;44;0;871;0;11;0;0,000001232078853046595;0,000003282258064516129;169,74427251298394;88,90978907292222;97,0556440262293;154,01016507084668
1663160069000;53,5534823;9,9768525;4,47;4,47;61,7;0;-0,07000000000000028;-412;42;0;858;0;488;0;0,0000546594982078853;0,00014561290322580645;168,69320254646127;88,49483947875025;96,0006913737703;153,3431624038258
1663160070000;53,5534493;9,9768143;4,34;4,34;61,7;0;-0,1299999999999999;-748;39;0;833;0;124;0;0,000013888888888888888;0,000037;167,6850804652313;88,08934450186949;94,94857461553832;152,56000339249994
1663160071000;53,5534182;9,9767791;4,07;4,07;61,7;0;-0,2699999999999996;-1482;32;0;781;0;0;0;0;0;166,75056276361073;87,69958710875389;93,89078606885226;151,7766824010416
1663160072000;53,5533897;9,9767432;3,84;3,84;61,7;0;-0,23000000000000043;-1188;27;0;737;0;0;0;0;0;165,87835560828304;87,32538892767742;92,83583341639326;151,03559917168897
1663160073000;53,5533585;9,9767014;3,65;3,65;60,8;0;-0,18999999999999995;-929;23;-11521,845000000072;700;0;0;0;0;0;165,0577210131134;86,96560117969175;91,78371665816127;150,32989891499327
1663160074000;53,5533377;9,9766716;3,92;3,92;60,8;0;0,27;1333;28;0;752;0;2113;0;0,000236671146953405;0,000630491935483871;165,0085807099893;86,59498065284694;90,72592811147521;150,40578826922507
1663160075000;53,5533101;9,9766356;3,83;3,83;60,8;0;-0,08999999999999986;-456;26;0;735;0;305;0;0,00003416218637992831;0,00009100806451612903;164,16089599271154;86,23270667917559;89,6709754590162;149,79729300283958
1663160076000;53,5532825;9,9766017;3,6;3,6;60,8;0;-0,22999999999999998;-1116;22;0;691;0;0;0;0;0;163,3720191131246;85,88656575940034;88,6160228065572;149,1118783225174
1663160077000;53,5532563;9,9765705;3,41;3,41;60,8;0;-0,18999999999999995;-870;19;0;654;0;0;0;0;0;162,6317379554929;85,55513363225859;87,56107015409818;148,45868105855234
1663160078000;53,5532264;9,9765354;3,21;3,21;60,8;0;-0,20000000000000018;-864;15;0;616;0;0;0;0;0;161,94097914471018;85,23971045326641;86,50611750163917;147,84039657906501
1663160079000;53,5532066;9,9765129;3,13;3,13;60,8;0;-0,08000000000000007;-331;14;0;601;0;284;0;0,000031810035842293904;0,00008474193548387097;161,2730624970762;84,93242524915551;85,45400074340719;147,34566297316826
1663160080000;53,553185;9,9764882;3,01;3,01;60,8;0;-0,1200000000000001;-481;13;0;578;0;110;0;0,000012320788530465948;0,00003282258064516129;160,6359291224651;84,63611240536414;84,39621219672114;146,80508994244187
1663160081000;53,5531607;9,9764611;3,59;3,59;60,8;0;0,5800000000000001;2497;22;0;689;0;3208;0;0,0003593189964157706;0,000957225806451613;161,3764525196381;84,30542381792834;83,34125954426213;147,35470122640012
1663160082000;53,5531294;9,9764257;4,46;4,46;60,8;0;0,8700000000000001;4569;42;0;856;0;5467;0;0,0006123431899641577;0,0016312822580645161;163,15894599164932;83,94334987574874;82,28630689180311;148,62337741614778
1663160083000;53,5530617;9,9763505;5,69;5,69;73,2;4;1,2300000000000004;8146;88;0;1092;0;9326;0;0,001044578853046595;0,002782758064516129;166,77034525383453;83,58783285331003;81,23135423934409;151,14345979430186
1663160084000;53,5530185;9,9763066;6,42;6,42;73,2;0;0,7299999999999995;5768;126;0;1232;0;7126;0;0,0007981630824372759;0,002126306451612903;168,778139051737;83,27244550543035;80,17640158688508;152,70805889444355
1663160085000;53,5529668;9,9762524;6,91;6,91;73,2;0;0,4900000000000002;4261;158;0;1326;0;5745;0;0,0006434811827956988;0,0017142338709677418;169,77307055827364;83,00141351690745;97,0556440262293;156,00554490287539
1663160086000;53,5529132;9,9761947;7,01;7,01;73,2;0;0,09999999999999964;908;165;0;1346;0;2419;0;0,0002709453405017921;0,0007217983870967742;168,80033980129463;82,7447020686394;78,06649628196706;153,3857414889769
1663160087000;53,552854;9,9761349;7,52;7,52;73,2;0;0,5099999999999998;4835;203;0;1444;0;6482;0;0,0007260304659498207;0,0019341451612903226;169,6798570697504;82,6733485728971;78,06649628196706;154,38576886423334
1663160088000;53,5527647;9,976044;7,99;7,99;60,7;4;0,47000000000000064;4756;244;0;1534;0;6534;0;0,0007318548387096773;0,0019496612903225805;169,08292529568106;82,79872930463893;78,06649628196706;154,39062544207033
1663160089000;53,5527128;9,9759934;7,96;7,96;60,7;0;-0,03000000000000025;-313;241;0;1528;0;1456;0;0,00016308243727598565;0,0004344516129032258;164,29466670280206;82,99854951731021;78,06649628196706;151,49274786374056
1663160090000;53,5526555;9,9759359;8,11;8,11;60,7;0;0,14999999999999947;1572;255;0;1557;0;3384;0;0,0003790322580645161;0,001009741935483871;161,49989589677088;83,23081627710862;78,06649628196706;149,93227923833996
1663160091000;53,5525936;9,9758754;8,27;8,27;60,7;0;0,16000000000000014;1710;271;0;1588;0;3569;0;0,00039975358422939065;0,0010649435483870966;160,35346423847656;83,48268269612342;78,06649628196706;149,4121824267194
1663160092000;53,5525317;9,9758169;7,92;7,92;60,7;0;-0,34999999999999964;-3698;238;0;1520;0;0;0;0;0;156,69662463567084;83,64549124232859;78,06649628196706;146,56139333760188
1663160093000;53,552465;9,9757588;8,48;8,48;60,7;0;0,5600000000000005;5992;292;0;1628;0;7912;0;0,0008862007168458781;0,0023608387096774193;159,62359098325388;83,90370982872358;78,06649628196706;148,7387173628178
1663160094000;53,5523984;9,9757012;8,58;8,58;60,7;0;0,09999999999999964;1113;302;0;1647;0;3062;0;0,0003429659498207885;0,0009136612903225806;157,94295168644402;84,1519939417938;78,06649628196706;147,81586485814458
1663160095000;53,5523316;9,9756448;8,27;8,27;60,7;0;-0,3100000000000005;-3409;271;0;1588;0;0;0;0;0;157,55409477168837;84,37363194459545;78,06649628196706;147,53514830195599
1663160096000;53,5522641;9,9755844;8,82;8,82;60,7;0;0,5500000000000007;6133;329;0;1693;0;8155;0;0,0009134184587813619;0,002433346774193548;160,06632729241028;84,69269704561559;78,06649628196706;149,35774308842332
1663160097000;53,5521918;9,9755206;9,4;9,4;60,7;0;0,5800000000000001;6895;398;0;1805;0;9098;0;0,0010190412186379927;0,002714725806451613;161,1947821145273;85,10988863372937;78,06649628196706;150,31215765798925
1663160098000;53,5521128;9,9754565;9,75;9,75;60,7;0;0,34999999999999964;4373;444;0;1872;0;6689;0;0,0007492159498207884;0,0019959112903225806;162,22098511670433;85,60098059698183;78,06649628196706;151,22222384780446
1663160099000;53,552032;9,9753883;10,01;10,01;60,7;0;0,2599999999999998;3352;481;0;1922;0;5755;0;0,0006446012544802866;0,0017172177419354836;162,74036798184238;86,14813125024912;78,06649628196706;151,8195469536691
1663160100000;53,5519503;9,9753191;10,23;10,23;60,7;0;0,22000000000000064;2905;513;0;1964;0;5382;0;0,0006028225806451612;0,0016059193548387096;160,77407011656823;86,69246803229196;78,06649628196706;150,7885783447751
1663160101000;53,5518661;9,9752459;10,26;10,26;60,7;0;0,02999999999999936;401;518;0;1970;0;2889;0;0,00032358870967741935;0,0008620403225806451;160,4283880680869;87,28688594203156;78,06649628196706;151,39455469450743
1663160102000;53,5517832;9,9751754;10,26;10,26;60,7;0;0;0;518;0;1970;0;2488;0;0,000278673835125448;0,0007423870967741935;159,77659548413737;87,92065319705917;78,06649628196706;151,78903211910307
1663160103000;53,5517011;9,9751013;10,47;10,47;60,7;0;0,21000000000000085;2840;550;0;2010;0;5400;0;0,0006048387096774193;0,001611290322580645;160,5127619737376;88,6509220205449;78,06649628196706;153,08670204714616
1663160104000;53,5516159;9,9750234;10,5;10,5;60,7;0;0,02999999999999936;410;555;0;2016;0;2981;0;0,00033389336917562717;0,0008894919354838709;159,81507643623635;89,40264835303844;78,06649628196706;153,44230139431338
1663160105000;53,5515314;9,974943;10,84;10,84;60,7;0;0,33999999999999986;4734;610;0;2081;0;7425;0;0,0008316532258064516;0,002215524193548387;161,26839209709513;90,26089102434702;78,06649628196706;155,2096384505333
1663160106000;53,5514411;9,9748589;11,1;11,1;60,7;0;0,2599999999999998;3722;655;0;2131;0;6508;0;0,000728942652329749;0,0019419032258064515;162,11596389780502;91,19917974984169;78,06649628196706;156,27189940542237
1663160107000;53,5513534;9,974779;10,87;10,87;60,7;0;-0,23000000000000043;-3298;615;0;2087;0;0;0;0;0;160,9845760873153;92,04007598937422;78,06649628196706;155,41990347555173
1663160108000;53,5512497;9,9746836;10,96;10,96;65,4;4;0,09000000000000163;1281;631;0;2104;0;4016;0;0,0004498207885304659;0,0011983225806451612;160,46838356768384;92,89271863559948;78,06649628196706;155,8902740008429
1663160109000;53,5511742;9,9746179;11,01;11,01;65,4;0;0,049999999999998934;716;640;0;2114;0;3470;0;0,0003886648745519713;0,0010354032258064515;158,83041253827642;93,75730449014979;78,06649628196706;155,3014125554133
1663160110000;53,5510889;9,9745393;10,74;10,74;65,4;0;-0,2699999999999996;-3832;594;0;2062;0;0;0;0;0;157,20983772602875;94,52385873503205;78,06649628196706;153,78538605915418
1663160111000;53,5510061;9,9744662;10,24;10,24;65,4;0;-0,5;-6845;514;0;1966;0;0;0;0;0;156,2404364768552;95,1267382427153;78,06649628196706;153,04029794762846
1663160112000;53,5509238;9,9743955;10,08;10,08;65,4;0;-0,16000000000000014;-2122;491;0;1935;0;304;0;0,00003405017921146953;0,00009070967741935484;152,868008726903;95,68739179038239;78,06649628196706;150,46258475974835
1663160113000;53,5508416;9,9743283;10,42;10,42;65,4;0;0,33999999999999986;4547;542;0;2000;0;7089;0;0,000794018817204301;0,002115266129032258;149,8847177415414;96,30419544319847;78,06649628196706;148,80395733202565
1663160114000;53,5507528;9,9742564;11,11;11,11;65,4;0;0,6899999999999995;9693;657;0;2133;0;12483;0;0,0013981854838709675;0,0037247661290322575;153,9748433429085;97,1473547620332;78,06649628196706;152,31319516630134
1663160115000;53,550659;9,974184;11,76;11,76;65,4;0;0,6500000000000004;9699;780;0;2258;0;12737;0;0,0014266353046594982;0,0038005564516129034;157,79518561547403;98,23138067406914;78,06649628196706;155,69831855300106
1663160116000;53,5505596;9,974105;12,27;12,27;65,4;0;0,5099999999999998;7996;885;0;2356;0;11237;0;0,0012586245519713261;0,003352975806451613;160,428318746806;99,48904362072498;78,06649628196706;158,3303716499729
1663160117000;53,5504573;9,9740225;12,34;12,34;65,4;0;0,07000000000000028;1124;901;0;2369;0;4394;0;0,0004921594982078853;0,0013111129032258063;159,4237488889762;100,69208180546605;78,06649628196706;158,53805761470187
1663160118000;53,5503578;9,9739472;12,09;12,09;65,4;0;-0,25;-3986;847;0;2321;0;0;0;0;0;157,66996068776592;101,63477170480846;78,06649628196706;157,15293464032766
1663160119000;53,5502615;9,9738702;11,76;11,76;65,4;0;-0,33000000000000007;-5136;780;0;2258;0;0;0;0;0;156,00513288264713;102,42844729582569;78,06649628196706;155,74114895663115
1663160120000;53,5501686;9,9737893;11,35;11,35;65,4;0;-0,41000000000000014;-6183;701;0;2179;0;0;0;0;0;154,16672945823967;102,8850462275432;77,01154362950804;154,15909500648698
1663160121000;53,5500893;9,9736965;10,87;10,87;65,4;0;-0,4800000000000004;-6960;615;0;2087;0;0;0;0;0;152,4462387607067;103,18191885185806;75,95659097704902;152,66721084198363
1663160122000;53,5500227;9,973588;10,32;10,32;65,4;0;-0,5499999999999989;-7605;527;0;1981;0;0;0;0;0;150,84796460339268;103,32379865677443;74,90447421881706;151,26916427982434
1663160123000;53,5499671;9,9734707;9,8;9,8;65,4;0;-0,5199999999999996;-6827;451;0;1881;0;0;0;0;0;149,36094058955837;103,34277735854194;73,846685672131;149,95660269152725
1663160124000;53,5499211;9,9733435;9,72;9,72;65,4;0;-0,08000000000000007;-1019;440;0;1866;0;1287;0;0,00014415322580645158;0,000384024193548387;147,91473460213928;103,34466485883453;72,79173301967198;149,0683608548589
1663160125000;53,549895;9,9732039;9,64;9,64;65,4;0;-0,08000000000000007;-1011;429;0;1851;0;1269;0;0,00014213709677419353;0,00037865322580645156;146,50782977573118;103,33035693497672;71,73961626144;148,1981313164548
1663160126000;53,5498833;9,9730528;9,76;9,76;65,4;0;0,11999999999999922;1519;445;0;1874;0;3838;0;0,0004298835125448028;0,0011452096774193547;145,7900569374305;103,34047950779197;70,68182771475395;148,09959023345388
1663160127000;53,5498848;9,9728994;9,75;9,75;65,4;0;-0,009999999999999787;-128;444;0;1872;0;2188;0;0,0002450716845878136;0,0006528709677419355;144,41402664233175;103,34838271406339;69,62687506229493;147,51089835910585
1663160128000;53,5499007;9,972713;10,47;10,47;61,3;4;0,7200000000000006;9499;550;0;2010;0;12059;0;0,0013506944444444443;0,00359825;147,13285751666098;103,51678699311636;68,57192240983593;149,77369473892486
1663160129000;53,5499203;9,9725648;11,38;11,38;61,3;0;0,9100000000000001;12973;706;0;2185;0;15864;0;0,0017768817204301074;0,0047336129032258065;151,02447118922973;103,32692041843859;67,63946440072795;152,80377074981914
1663160130000;53,5499486;9,972388;12,46;12,46;61,3;0;1,08;16800;927;0;2392;0;20119;0;0,0022534722222222222;0,006003250000000001;156,05819985732833;102,5666559788473;66,8937489579972;156,54223009978335
1663160131000;53,5499852;9,9721934;13,77;13,77;61,3;0;1,3099999999999987;22420;1252;0;2644;0;26316;0;0,0029475806451612903;0,007852354838709677;163,06799960821965;102,19437977073692;66,17656530400562;161,72308466687213
1663160132000;53,5500266;9,9719843;14,29;14,29;61,3;0;0,5199999999999996;9520;1399;0;2744;0;13663;0;0,0015303539426523296;0,004076862903225806;164,4110222697395;101,98511801978516;65,45902791842448;163,09300391129
1663160133000;53,5500668;9,9717785;14,14;14,14;61,3;0;-0,14999999999999858;-2783;1355;0;2715;0;1287;0;0,00014415322580645158;0,000384024193548387;161,84615345434165;101,69273253032998;64,73287496977407;161,00152139336566
1663160134000;53,5501069;9,9715768;13,87;13,87;61,3;0;-0,27000000000000135;-4935;1279;0;2663;0;0;0;0;0;159,39558976493734;101,28883663729738;63,99223380687923;158,64390774242622
1663160135000;53,5501549;9,971389;13,39;13,39;61,3;0;-0,47999999999999865;-8538;1151;0;2571;0;0;0;0;0;157,08895714094254;100,73120442389711;63,231989451327784;156,41159657099436
1663160136000;53,5502113;9,9712122;13,07;13,07;61,3;0;-0,3200000000000003;-5525;1070;0;2509;0;0;0;0;0;154,891483918703;100,08783550469668;62,45612820062705;154,2732887917589
1663160137000;53,5502738;9,9710464;12,74;12,74;61,3;0;-0,33000000000000007;-5558;991;0;2446;0;0;0;0;0;152,79912140281328;99,37132574028053;61,66446174109612;152,2258719913111
1663160138000;53,5503383;9,9709009;12,01;12,01;61,3;0;-0,7300000000000004;-11790;830;0;2306;0;0;0;0;0;150,87005469303404;98,5248593948864;60,84754770033708;150,3268269623161
1663160139000;53,5503959;9,9707644;10,67;10,67;61,3;0;-1,3399999999999999;-19831;582;0;2048;0;0;0;0;0;149,19049044542655;97,5258683351537;59,991367572122655;148,6569731761749
1663160140000;53,5504454;9,9706548;9,34;9,34;61,3;0;-1,33;-17366;390;0;1793;0;0;0;0;0;147,74603103288703;96,4738111330003;59,09701465946251;147,20454739243624
1663160141000;53,550487;9,9705589;8,07;8,07;61,3;0;-1,2699999999999996;-14428;252;0;1549;0;0;0;0;0;146,51688177371355;95,44500607520303;58,16685518230739;145,95302473459645
1663160142000;53,5505187;9,9704758;6,37;6,37;61,3;0;-1,7000000000000002;-16018;123;0;1223;0;0;0;0;0;145,55878925750048;94,52802372211887;57,19220669484682;144,95662988960137
1663160143000;53,550544;9,9704149;5,2;5,2;61,3;0;-1,17;-8833;67;0;998;0;0;0;0;0;144,7844759897693;93,73746484936328;56,18954270184573;144,13294362241467
1663160144000;53,5505654;9,9703726;4;4;61,3;0;-1,2000000000000002;-7204;30;0;768;0;0;0;0;0;144,19356157156238;93,10362083550483;55,15035398017605;143,4821611969268
1663160145000;53,5505767;9,9703504;1,96;1,96;61,3;0;-2,04;-7934;3;0;376;0;0;0;0;0;143,90549516810984;92,77773923831802;54,0669662161377;143,11756939227735
1663160146000;53,5505792;9,9703541;1,92;1,92;61,3;0;-0,040000000000000036;-102;3;0;368;0;269;0;0,000030129928315412184;0,00008026612903225806;143,6242463972556;92,45996738258818;52,98104360242234;142,82613814704058
1663160147000;53,5505794;9,9703605;0,86;0,86;61,3;0;-1,06;-1923;0;0;165;0;0;0;0;0;143,498570470109;92,31628913199175;51,871549607432364;142,615316475754
1663160148000;53,5505787;9,9703658;0;0;60,8;4;-0,86;-483;0;0;0;372;372;1;0,000041666666666666665;0,000111;143,498570470109;92,31628913199175;51,87458090416025;142,61556407393886
1663160154000;53,5505777;9,9703536;0;0;60,8;4;0;0;0;0;0;2231;2231;6;0,00024988799283154117;0,0006657016129032257;143,498570470109;92,31628913199175;51,868518310704495;142,61506887756917
1663160155000;53,550581;9,9703422;0,73;0,73;60,8;0;0,73;347;0;0;140;0;487;0;0,00005454749103942652;0,00014531451612903227;143,5176096668451;92,19448197106466;50,75563388377904;142,5431653670095
1663160156000;53,5505948;9,9703113;3,06;3,06;60,8;0;2,33;5762;13;0;587;0;6362;0;0,0007125896057347669;0,0018983387096774193;145,14650525667366;91,70642482965309;49,68824229625675;143,6000136352042
1663160157000;53,5506199;9,9702491;5,1;5,1;60,8;0;2,0399999999999996;10861;63;0;979;0;11903;0;0,0013332213261648745;0,003551701612903226;148,2886781954081;90,96379975460748;48,65788672577507;145,72636482455127
1663160158000;53,5506614;9,9701549;6,16;6,16;60,8;0;1,0600000000000005;7787;112;0;1182;0;9081;0;0,0010171370967741935;0,0027096532258064515;150,14169044957617;90,13287626749567;47,64354976551776;146,99067105789422
1663160159000;53,5506893;9,9700887;5,94;5,94;60,8;0;-0,21999999999999975;-1737;100;0;1140;0;0;0;0;0;149,2480317640118;89,3324137394226;46,62007286795596;146,06581819439123
1663160160000;53,5507153;9,9700226;5,57;5,57;60,8;0;-0,3700000000000001;-2779;82;0;1069;0;0;0;0;0;148,41813540593998;88,57580766101442;45,58490959764365;145,20015341637077
1663160161000;53,5507257;9,9699534;4,98;4,98;60,8;0;-0,5899999999999999;-4062;59;0;956;0;0;0;0;0;147,68269255430448;87,88655408708156;44,53449225092134;144,4220841614602
1663160162000;53,5507184;9,9698815;4,76;4,76;60,8;0;-0,22000000000000064;-1399;51;0;914;0;0;0;0;0;146,98544546760291;87,22876405675949;43,47598029366159;143,68025350510504
1663160163000;53,5506898;9,9697934;4,75;4,75;60,6;0;-0,009999999999999787;-63;51;-2560,4099999999453;912;0;0;0;0;0;146,2951585681695;86,57992813834487;42,41321609396639;142,94505499800087
1663160164000;53,5506599;9,9697557;4,61;4,61;60,6;0;-0,13999999999999968;-856;46;0;885;0;75;0;0,000008400537634408602;0,000022379032258064516;145,63040713849284;85,95349835686184;41,34400743840048;142,25146529105083
1663160165000;53,5506249;9,9697231;4,58;4,58;60,6;0;-0,03000000000000025;-180;46;0;879;0;745;0;0,0000834453405017921;0,00022229838709677415;144,97498829051085;85,33747088266998;40,27030096147828;141,72488520600447
1663160166000;53,550588;9,9696997;4,54;4,54;60,6;0;-0,040000000000000036;-239;44;0;871;0;676;0;0,0000757168458781362;0,00020170967741935485;144,33016518629438;84,73267741156815;39,19195125978921;141,19009752400783
1663160167000;53,5505359;9,9696642;4,18;4,18;60,6;0;-0,3600000000000003;-2049;35;0;802;0;0;0;0;0;143,74071694408863;84,17312906494621;38,10711538882379;140,5483863637267
1663160168000;53,5505201;9,9696528;2,38;2,38;60,6;0;-1,7999999999999998;-7705;6;0;457;0;0;0;0;0;143,40689985125167;83,83844722946435;36,98515423500029;140,1469260071344
1663160169000;53,5505062;9,9696454;1,72;1,72;60,6;0;-0,6599999999999999;-1766;2;0;330;0;0;0;0;0;143,16646240223565;83,5947540605523;35,854449755817846;139,83394227329723
1663160170000;53,550484;9,9696362;2,3;2,3;60,6;0;0,5799999999999998;1521;5;0;441;0;1967;0;0,00022031810035842293;0,0005869274193548387;143,3612008094279;83,27410715525015;34,730390848770725;139,90319171891989
1663160171000;53,5504591;9,969618;3,16;3,16;60,6;0;0,8600000000000003;3063;15;0;606;0;3684;0;0,0004126344086021505;0,0010992580645161289;143,9556653925194;82,84638025025676;33,61604930738858;140,257533186266
1663160172000;53,5504304;9,9695942;3,35;3,35;60,6;0;0,18999999999999995;807;18;0;643;0;1468;0;0,00016442652329749102;0,0004380322580645161;143,76000173503152;82,39935701725986;32,50447275627194;140,07206574815484
1663160173000;53,5504007;9,9695678;2,46;2,46;61,2;0;-0,8900000000000001;-3375;7;7681,230000000019;472;0;4785,230000000019;0;0,0005359800627240164;0,00142785088709678;143,4178562053864;82,06520291566869;31,372123589726026;139,66425263784922
1663160174000;53,5503873;9,969555;2,02;2,02;61,2;0;-0,43999999999999995;-1287;3;0;387;0;0;0;0;0;143,13792642922166;81,78978370021751;30,23514624809694;139,3153683785793
1663160175000;53,5503747;9,9695425;1,82;1,82;61,2;0;-0,19999999999999996;-502;2;0;349;0;0;0;0;0;142,88649555848397;81,5419339353833;29,0938880274822;138,99315298800738
1663160176000;53,5503619;9,9695309;1,71;1,71;61,2;0;-0,1100000000000001;-254;2;0;328;0;76;0;0,000008512544802867383;0,00002267741935483871;142,65093450098263;81,3096745735018;27,952786740043738;138,7042021641581
1663160177000;53,5503486;9,9695205;1,72;1,72;61,2;0;0,010000000000000009;22;2;0;330;0;354;0;0,0000396505376344086;0,00010562903225806452;142,4221121944393;81,07710656084166;26,807056061151513;138,4774649358331
1663160178000;53,5503328;9,9695088;1,65;1,65;61,2;0;-0,07000000000000006;-154;2;0;316;0;164;0;0,000018369175627240144;0,000048935483870967746;142,19604882328753;80,85470176633666;25,655826409474802;138,21726914780888
1663160179000;53,550324;9,9695028;1,15;1,15;61,2;0;-0,5;-914;0;0;220;0;0;0;0;0;142,03884464205566;80,69920883753682;24,501117714328135;137,98444345439844
1663160180000;53,5503195;9,9695;0;0;61,2;4;-1,15;-863;0;0;0;372;372;1;0,000041666666666666665;0,000111;142,03884464205566;80,69920883753682;24,501117714328135;137,98444345439844
1663160227000;53,5503426;9,9694886;0;0;61,2;4;0;0;0;0;0;17484;17484;47;0,001958333333333333;0,005217;144,0052355557339;103,57785124851422;58,019559991018745;141,88841132251514
1663160228000;53,5503352;9,9694833;1,18;1,18;61,2;0;1,18;908;0;0;226;0;1134;0;0,00012701612903225805;0,00033837096774193547;144,22889919942966;103,46183174261463;56,96460733855972;141,9539139345568
1663160229000;53,5503208;9,9694739;1,99;1,99;61,2;0;0,81;1675;3;0;382;0;2060;0;0,0002307347670250896;0,0006146774193548387;144,66826270995114;103,27215282783635;59,07451264347775;142,51671063684876
1663160230000;53,5502947;9,9694573;3,55;3,55;61,2;0;1,5599999999999998;5639;21;0;681;0;6341;0;0,0007102374551971325;0,0018920725806451611;146,61923963628084;102,96779878099811;59,07451264347775;143,93170740534057
1663160231000;53,5502584;9,9694354;3,7;3,7;61,2;0;0,15000000000000036;709;24;0;710;0;1443;0;0,0001616263440860215;0,0004305725806451613;146,3716635719095;102,65699179743777;59,07451264347775;143,85515482520955
1663160232000;53,5502203;9,9694115;4,28;4,28;61,2;0;0,5800000000000001;3020;37;0;821;0;3878;0;0,0004343637992831541;0,0011571451612903225;147,04243702672704;102,32083890981174;59,07451264347775;144,41133014324677
1663160233000;53,550168;9,9693801;4,44;4,44;61,2;0;0,16000000000000014;910;41;0;852;0;1803;0;0,0002019489247311828;0,000537991935483871;146,76189980945637;101,98142869345921;59,07451264347775;144,3167305107956
1663160234000;53,5501347;9,9693606;4,45;4,45;61,2;0;0,009999999999999787;58;42;0;854;0;954;0;0,00010685483870967741;0,0002846612903225806;146,033427750332;101,3536084635675;59,12707279180843;143,8580043268274
1663160235000;53,550095;9,9693363;4,88;4,88;61,2;0;0,4299999999999997;2617;55;0;937;0;3609;0;0,0004042338709677419;0,0010768790322580645;146,37756036608806;99,47561405844677;58,35071149176192;144,38047189720763
1663160236000;53,550051;9,9693096;4,83;4,83;61,2;0;-0,04999999999999982;-317;54;0;927;0;664;0;0,00007437275985663082;0,00019812903225806453;146,9093852150282;100,69447332383987;58,236132703832475;145,3684734698432
1663160237000;53,550025;9,9692937;4,71;4,71;61,2;0;-0,1200000000000001;-747;50;0;904;0;207;0;0,00002318548387096774;0,00006176612903225807;145,72993577428505;100,20307659358755;58,29631225290438;144,41629651936566
1663160238000;53,5499798;9,969266;4,74;4,74;61,1;0;0,03000000000000025;184;51;-1280,2050000000183;910;0;0;0;0;0;144,89486263778545;99,7962202200145;58,34786885908658;143,57440528887585
1663160239000;53,5499168;9,9692265;5,54;5,54;61,1;0;0,7999999999999998;5366;81;0;1063;0;6510;0;0,0007291666666666666;0,0019425;146,5323538761305;99,30911241907627;58,41463445633025;144,76011940141305
1663160240000;53,5498584;9,9691804;6,35;6,35;61,1;0;0,8099999999999996;6284;122;0;1219;0;7625;0;0,0008540546594982078;0,0022752016129032257;148,39785095236695;98,76794542526542;58,49649348104117;146,12399054729468
1663160241000;53,5498051;9,9691224;6,95;6,95;61,1;0;0,6000000000000005;5206;161;0;1334;0;6701;0;0,0007505600358422938;0,001999491935483871;146,9426384308847;98,47303358310965;58,554790235136366;145,22021059753465
1663160242000;53,5497524;9,9690604;6,93;6,93;61,1;0;-0,020000000000000462;-182;159;0;1330;0;1307;0;0,00014639336917562722;0,00038999193548387094;143,1368867831139;98,35508769631535;58,58387199408334;142,63331497040838
1663160243000;53,5496795;9,9689738;7,5;7,5;61,2;0;0,5700000000000003;5366;202;1280,2050000000183;1440;0;8288,205000000018;0;0,0009283383736559159;0,0024730934274193603;139,88777723510282;98,33913265780839;58,59136742939739;140,44400113234417
1663160244000;53,5496293;9,9689176;8,14;8,14;61,2;0;0,6400000000000006;6531;258;0;1563;0;8352;0;0,0009354838709677418;0,0024921290322580643;141,13277538404165;98,32358582609506;58,605261100886494;141,31454004969476
1663160245000;53,5495683;9,9688479;8,59;8,59;61,2;0;0,4499999999999993;4912;303;0;1649;0;6864;0;0,0007688172043010752;0,0020481290322580644;141,44099245343213;98,32027629831401;58,620485541505786;141,55422045429955
1663160246000;53,549506;9,9687742;8,44;8,44;61,2;0;-0,15000000000000036;-1667;288;0;1620;0;241;0;0,000026993727598566304;0,00007191129032258064;140,41845509336736;98,31922720275045;58,627548836816764;140,397939704859
1663160247000;53,5494458;9,968705;7,86;7,86;61,2;0;-0,5799999999999992;-6169;232;0;1509;0;0;0;0;0;138,32285457780614;98,32334689629002;58,611217548821145;138,4450251783608
1663160248000;53,5493901;9,9686423;7,28;7,28;61,2;0;-0,5800000000000001;-5730;185;0;1397;0;0;0;0;0;136,74400623798294;98,3396829450108;58,573734162943836;136,8442316914971
1663160249000;53,5493301;9,96857;7,84;7,84;61,2;0;0,5599999999999996;5524;231;0;1505;0;7260;0;0,0008131720430107526;0,0021662903225806453;136,17267745402492;98,3038774004674;58,53497831182853;136,36891032455887
1663160250000;53,5492622;9,9684935;8,6;8,6;61,2;0;0,7599999999999998;8152;305;0;1651;0;10108;0;0,001132168458781362;0,003016096774193549;135,92685534497406;98,19889643662378;58,497152794671145;136,1065717506226
1663160251000;53,5491986;9,9684227;8,11;8,11;61,2;0;-0,4900000000000002;-5343;255;0;1557;0;0;0;0;0;129,7192408285889;97,92601277251035;58,424278827975606;131,18270528860802
1663160252000;53,5491386;9,968349;8,21;8,21;61,2;0;0,10000000000000142;1064;265;0;1576;0;2905;0;0,00032538082437275984;0,0008668145161290322;123,44260243330866;97,39467008192189;58,32972626991418;126,6519327010455
1663160253000;53,5490783;9,9682746;8,24;8,24;61,2;0;0,02999999999999936;322;268;0;1582;0;2172;0;0,00024327956989247308;0,0006480967741935484;123,14860975188829;96,80735724101655;58,232865635743394;126,15995188839135
1663160254000;53,549019;9,9682006;8,07;8,07;61,2;0;-0,16999999999999993;-1810;252;0;1549;0;0;0;0;0;123,76743054957662;96,27767905339024;58,13827985897802;126,73595901031473
1663160255000;53,5489633;9,96813;7,62;7,62;61,2;0;-0,4500000000000002;-4607;212;0;1463;0;0;0;0;0;124,38148832623664;95,8730944718205;58,04551556201236;127,30635020802805
1663160256000;53,5489124;9,9680676;7,22;7,22;61,2;0;-0,40000000000000036;-3874;180;0;1386;0;0;0;0;0;124,91744311651858;95,21568644638253;58,019559991018745;127,76834489939186
1663160257000;53,5488752;9,9680197;5,6;5,6;61,2;0;-1,62;-13552;84;0;1075;0;0;0;0;0;125,5795560631431;94,45822792879476;58,019559991018745;128,31694894354143
1663160258000;53,5488438;9,967982;4,83;4,83;61,2;0;-0,7699999999999996;-5241;54;0;927;0;0;0;0;0;126,29383420325544;93,81102003771474;58,019559991018745;128,90793240999903
1663160259000;53,5488142;9,9679515;4,25;4,25;61,2;0;-0,5800000000000001;-3437;36;0;816;0;0;0;0;0;127,03108901230573;93,2907069790329;58,019559991018745;129,5160210279142
1663160260000;53,5487901;9,9679155;3,69;3,69;61,2;0;-0,56;-2902;24;0;708;0;0;0;0;0;127,78074731637743;92,90872092423056;58,019559991018745;130,1337898953083
1663160261000;53,5487731;9,9678782;3,05;3,05;61,2;0;-0,6400000000000001;-2815;13;0;585;0;0;0;0;0;128,57089763157603;92,63599299641258;58,019559991018745;130,78239408331342
1663160262000;53,5487606;9,9678434;2,68;2,68;61,2;0;-0,36999999999999966;-1384;9;0;514;0;0;0;0;0;129,35808455983536;92,46757793079819;58,019559991018745;131,42750926225952
1663160263000;53,5487542;9,96781;2,32;2,32;61,2;0;-0,3600000000000003;-1175;5;0;445;0;0;0;0;0;130,13942829506152;92,39567586402784;58,019559991018745;132,06611237466117
1663160264000;53,5487532;9,9677762;2,14;2,14;61,2;0;-0,17999999999999972;-524;4;0;410;0;0;0;0;0;130,83203324347167;92,44300916923113;58,019559991018745;132,63117214564272
1663160265000;53,5487575;9,9677423;2,23;2,23;61,2;0;0,08999999999999986;256;5;0;428;0;689;0;0,00007717293906810035;0,00020558870967741935;131,4730307955904;92,56115384117471;58,019559991018745;133,2692316501498
1663160266000;53,5487636;9,9677044;2,21;2,21;61,2;0;-0,020000000000000018;-58;5;0;424;0;371;0;0,000041554659498207885;0,00011070161290322581;131,93284253839727;92,69439126323957;58,019559991018745;133,75791329811514
1663160267000;53,5487723;9,9676687;2,52;2,52;61,2;0;0,31000000000000005;956;7;0;483;0;1446;0;0,00016196236559139782;0,0004314677419354838;132,72749605207164;92,80726178860354;58,019559991018745;134,4912611510856
1663160268000;53,548785;9,9676236;2,1;2,1;61,3;0;-0,41999999999999993;-1267;4;1280,2049999999272;403;0;420,20499999992717;0;0,000047065972222214055;0,00012538374999997826;133,07580923704222;92,94654703217005;58,019559991018745;134,77423373276525
1663160269000;53,5487933;9,9676037;1,93;1,93;61,3;0;-0,17000000000000015;-448;3;0;370;0;0;0;0;0;133,4286663704311;93,0968212023124;58,019559991018745;135,05708074525558
1663160270000;53,5488031;9,9675852;1,62;1,62;61,3;0;-0,30999999999999983;-719;2;0;311;0;0;0;0;0;133,81611359213275;93,27217509943324;58,019559991018745;135,21962484626246
1663160271000;53,5488132;9,9675703;1,47;1,47;61,3;0;-0,15000000000000013;-303;1;0;282;0;0;0;0;0;134,20856027263818;93,45773141774745;58,019559991018745;135,49817852545985
1663160272000;53,5488228;9,9675579;1,29;1,29;61,3;0;-0,17999999999999994;-325;1;0;247;0;0;0;0;0;134,59090125165906;93,65067610629981;58,019559991018745;135,8070511908827
1663160273000;53,5488369;9,9675421;1,22;1,22;61,2;0;-0,07000000000000006;-115;0;-1280,2049999999272;234;0;0;0;0;0;134,95323637077965;93,84107917963526;58,019559991018745;136,09942031245737
1663160274000;53,5488471;9,9675357;1,82;1,82;61,2;0;0,6000000000000001;1190;2;0;349;0;1541;0;0,00017260304659498206;0,00045981451612903227;135,76841854416054;93,96980937922069;58,019559991018745;136,78806893018412
1663160275000;53,5488727;9,9675278;3,33;3,33;61,2;0;1,51;5074;17;0;639;0;5730;0;0,0006418010752688171;0,0017097580645161288;137,61497098811114;94,00060571080814;58,019559991018745;137,98991477625808
1663160276000;53,5489217;9,9675275;4,25;4,25;61,2;0;0,9199999999999999;4550;36;0;816;0;5402;0;0,0006050627240143368;0,0016118870967741935;139,7004514210414;93,98318127160206;58,019559991018745;139,54256463112796
1663160277000;53,5489777;9,9675282;5,34;5,34;61,2;0;1,0899999999999999;6820;73;0;1025;0;7918;0;0,0008868727598566308;0,0023626290322580645;142,66010718883317;93,93406668852774;58,019559991018745;141,8248939158256
1663160278000;53,5490717;9,9675273;5,96;5,96;61,3;0;0,6200000000000001;4571;101;1280,2049999999272;1144;0;7096,204999999927;0;0,0007948258288530384;0,0021174160080644944;144,43266832033055;93,88180957180612;58,019559991018745;143,3472459212012
1663160279000;53,5491176;9,9675273;6,2;6,2;61,3;0;0,2400000000000002;1904;114;0;1190;0;3208;0;0,0003593189964157706;0,000957225806451613;144,8823059261871;93,82480985815201;58,019559991018745;143,99753063097103
1663160280000;53,5491693;9,9675225;6,28;6,28;61,3;0;0,08000000000000007;651;118;0;1205;0;1974;0;0,0002211021505376344;0,0005890161290322581;144,72122325118605;93,765999274529;58,019559991018745;144,15331683300303
1663160281000;53,5492249;9,9675186;6,35;6,35;61,3;0;0,0699999999999994;576;122;0;1219;0;1917;0;0,00021471774193548385;0,000572008064516129;144,49861985720386;93,7025821784952;58,019559991018745;144,32222274234326
1663160282000;53,5492814;9,9675115;6,36;6,36;61,3;0;0,010000000000000675;82;123;0;1221;0;1426;0;0,0001597222222222222;0,0004255;142,97410598644038;93,6738972662741;58,019559991018745;143,44593268885893
1663160283000;53,5493785;9,9674964;6,99;6,99;61,1;0;0,6299999999999999;5487;163;-2560,4099999999453;1342;0;4431,590000000055;0;0,000496369847670257;0,0013223292741935647;143,03327257477423;93,71435299563538;58,019559991018745;143,62285929424093
1663160284000;53,5494303;9,9674738;7,64;7,64;61,1;0;0,6499999999999995;6204;213;0;1467;0;7884;0;0,0008830645161290322;0,0023524838709677418;141,85648625094316;93,81924483253131;58,019559991018745;142,95149313201097
1663160285000;53,549494;9,9674588;7,18;7,18;61,1;0;-0,45999999999999996;-4449;177;0;1378;0;0;0;0;0;139,0883901334919;93,86391195929399;58,019559991018745;140,66600079374115
1663160286000;53,5495539;9,9674374;6,94;6,94;61,1;0;-0,23999999999999932;-2212;160;0;1332;0;0;0;0;0;137,1192447957709;93,86583936065222;58,019559991018745;138,89150725395356
1663160287000;53,5496151;9,9674187;6,9;6,9;61,1;0;-0,040000000000000036;-362;157;0;1325;0;1120;0;0,0001254480286738351;0,00033419354838709674;136,71563129631397;93,85861964957606;58,019559991018745;138,50334871570266
1663160288000;53,5496715;9,9674016;6,1;6,1;61,1;0;-0,8000000000000007;-6787;108;0;1171;0;0;0;0;0;134,67873952376436;93,77388739261178;58,019559991018745;136,66123212386591
1663160289000;53,5497139;9,9673744;4,76;4,76;61,1;0;-1,3399999999999999;-9496;51;0;914;0;0;0;0;0;132,91538311190848;93,63433739591197;58,019559991018745;134,99700299403955
1663160290000;53,5497507;9,9673529;3,89;3,89;61,1;0;-0,8699999999999997;-4911;28;0;746;0;0;0;0;0;133,46503877724288;93,5254964781576;58,019559991018745;134,9925830230624
1663160291000;53,5497775;9,9673441;2,91;2,91;61,1;0;-0,98;-4349;11;0;558;0;0;0;0;0;133,43840380081642;93,4527462876891;58,019559991018745;134,5105959933284
1663160292000;53,5497964;9,9673363;1,61;1,61;61,1;0;-1,3;-3835;2;0;309;0;0;0;0;0;133,54719695184775;93,4600735273135;58,019559991018745;134,1282942951087
1663160293000;53,5498046;9,9673383;0,69;0,69;61,1;0;-0,9200000000000002;-1381;0;0;132;0;0;0;0;0;134,54765932254702;93,59648106847894;58,019559991018745;134,93012943891273
1663160294000;53,5498065;9,9673388;0;0;61,1;4;-0,69;-311;0;0;0;372;372;1;0,000041666666666666665;0,000111;132,87239549316058;93,72759440952872;59,07451264347775;133,48805348603378
1663160295000;53,5498062;9,967344;0;0;61,1;4;0;0;0;0;0;372;372;1;0,000041666666666666665;0,000111;133,5373550906209;93,8457209008561;60,12946529593677;133,5883625773181
1663160296000;53,5497725;9,9673301;1,47;1,47;60,2;4;1,47;1409;1;0;282;0;1692;0;0,00018951612903225806;0,0005048709677419355;135,1879267569172;93,86886884606217;60,12946529593677;134,89898661672285